-- IUNI_DA_RTAG_TYPE
DELETE FROM GIONEE_DRS.IUNI_DA_RTAG_TYPE;
INSERT INTO GIONEE_DRS.IUNI_DA_RTAG_TYPE VALUES(1,'系统','系统',0,1,'admin',SYSDATE,'admin',SYSDATE);
INSERT INTO GIONEE_DRS.IUNI_DA_RTAG_TYPE VALUES(2,'模块','模块',0,1,'admin',SYSDATE,'admin',SYSDATE);
INSERT INTO GIONEE_DRS.IUNI_DA_RTAG_TYPE VALUES(3,'页面','页面',0,1,'admin',SYSDATE,'admin',SYSDATE);
INSERT INTO GIONEE_DRS.IUNI_DA_RTAG_TYPE VALUES(4,'功能','功能',0,1,'admin',SYSDATE,'admin',SYSDATE);
COMMIT;

-- INIT IUNI_DA_RTAG
DELETE FROM GIONEE_DRS.IUNI_DA_RTAG;

INSERT INTO GIONEE_DRS.IUNI_DA_RTAG(TYPE_ID,STATUS,CANCEL_FLAG,CREATE_BY,CREATE_DATE,UPDATE_BY,UPDATE_DATE,ID,NAME,RTAG,INFO) VALUES (4,1,0,'admin',SYSDATE,'admin',SYSDATE,'1','点击“注册”次数','1','http://www.iuni.com/special/2014/0610green/index.shtml');
INSERT INTO GIONEE_DRS.IUNI_DA_RTAG(TYPE_ID,STATUS,CANCEL_FLAG,CREATE_BY,CREATE_DATE,UPDATE_BY,UPDATE_DATE,ID,NAME,RTAG,INFO) VALUES (4,1,0,'admin',SYSDATE,'admin',SYSDATE,'2','点击“注册”次数','1','http://www.iuni.com/special/2014/0623silver/index.shtml');
INSERT INTO GIONEE_DRS.IUNI_DA_RTAG(TYPE_ID,STATUS,CANCEL_FLAG,CREATE_BY,CREATE_DATE,UPDATE_BY,UPDATE_DATE,ID,NAME,RTAG,INFO) VALUES (4,1,0,'admin',SYSDATE,'admin',SYSDATE,'3','点击“注册”次数','1','http://www.iuni.com/special/2014/0826U3/u3_1.shtml');
INSERT INTO GIONEE_DRS.IUNI_DA_RTAG(TYPE_ID,STATUS,CANCEL_FLAG,CREATE_BY,CREATE_DATE,UPDATE_BY,UPDATE_DATE,ID,NAME,RTAG,INFO) VALUES (4,1,0,'admin',SYSDATE,'admin',SYSDATE,'4','点击“注册”次数','1','http://www.iuni.com/special/2014/0826U3/u3_2.shtml');
INSERT INTO GIONEE_DRS.IUNI_DA_RTAG(TYPE_ID,STATUS,CANCEL_FLAG,CREATE_BY,CREATE_DATE,UPDATE_BY,UPDATE_DATE,ID,NAME,RTAG,INFO) VALUES (4,1,0,'admin',SYSDATE,'admin',SYSDATE,'5','点击“注册”次数','1','http://www.iuni.com/special/2014/0826U3/u3_3.shtml');
INSERT INTO GIONEE_DRS.IUNI_DA_RTAG(TYPE_ID,STATUS,CANCEL_FLAG,CREATE_BY,CREATE_DATE,UPDATE_BY,UPDATE_DATE,ID,NAME,RTAG,INFO) VALUES (4,1,0,'admin',SYSDATE,'admin',SYSDATE,'6','点击“注册”次数','1','http://www.iuni.com/special/2014/0826U3/u3_4.shtml');
INSERT INTO GIONEE_DRS.IUNI_DA_RTAG(TYPE_ID,STATUS,CANCEL_FLAG,CREATE_BY,CREATE_DATE,UPDATE_BY,UPDATE_DATE,ID,NAME,RTAG,INFO) VALUES (4,1,0,'admin',SYSDATE,'admin',SYSDATE,'7','点击“注册”次数','1','http://www.iuni.com/special/2014/0826U3/u3_5.shtml');
INSERT INTO GIONEE_DRS.IUNI_DA_RTAG(TYPE_ID,STATUS,CANCEL_FLAG,CREATE_BY,CREATE_DATE,UPDATE_BY,UPDATE_DATE,ID,NAME,RTAG,INFO) VALUES (4,1,0,'admin',SYSDATE,'admin',SYSDATE,'8','点击“注册”次数','1','http://www.iuni.com/special/2014/0826U3/u3_6.shtml');
INSERT INTO GIONEE_DRS.IUNI_DA_RTAG(TYPE_ID,STATUS,CANCEL_FLAG,CREATE_BY,CREATE_DATE,UPDATE_BY,UPDATE_DATE,ID,NAME,RTAG,INFO) VALUES (4,1,0,'admin',SYSDATE,'admin',SYSDATE,'9','点击“注册”次数','1','http://www.iuni.com/cart');
INSERT INTO GIONEE_DRS.IUNI_DA_RTAG(TYPE_ID,STATUS,CANCEL_FLAG,CREATE_BY,CREATE_DATE,UPDATE_BY,UPDATE_DATE,ID,NAME,RTAG,INFO) VALUES (4,1,0,'admin',SYSDATE,'admin',SYSDATE,'10','点击“注册”次数','1','http://www.iuni.com/goods/135');
INSERT INTO GIONEE_DRS.IUNI_DA_RTAG(TYPE_ID,STATUS,CANCEL_FLAG,CREATE_BY,CREATE_DATE,UPDATE_BY,UPDATE_DATE,ID,NAME,RTAG,INFO) VALUES (4,1,0,'admin',SYSDATE,'admin',SYSDATE,'11','点击“注册”次数','1','http://www.iuni.com/goods/136');
INSERT INTO GIONEE_DRS.IUNI_DA_RTAG(TYPE_ID,STATUS,CANCEL_FLAG,CREATE_BY,CREATE_DATE,UPDATE_BY,UPDATE_DATE,ID,NAME,RTAG,INFO) VALUES (4,1,0,'admin',SYSDATE,'admin',SYSDATE,'12','点击“注册”次数','1','http://www.iuni.com/goods/137');
INSERT INTO GIONEE_DRS.IUNI_DA_RTAG(TYPE_ID,STATUS,CANCEL_FLAG,CREATE_BY,CREATE_DATE,UPDATE_BY,UPDATE_DATE,ID,NAME,RTAG,INFO) VALUES (4,1,0,'admin',SYSDATE,'admin',SYSDATE,'13','点击“注册”次数','1','http://www.iuni.com/goods/138');
INSERT INTO GIONEE_DRS.IUNI_DA_RTAG(TYPE_ID,STATUS,CANCEL_FLAG,CREATE_BY,CREATE_DATE,UPDATE_BY,UPDATE_DATE,ID,NAME,RTAG,INFO) VALUES (4,1,0,'admin',SYSDATE,'admin',SYSDATE,'14','点击“注册”次数','1','http://www.iuni.com/goods/155');
INSERT INTO GIONEE_DRS.IUNI_DA_RTAG(TYPE_ID,STATUS,CANCEL_FLAG,CREATE_BY,CREATE_DATE,UPDATE_BY,UPDATE_DATE,ID,NAME,RTAG,INFO) VALUES (4,1,0,'admin',SYSDATE,'admin',SYSDATE,'15','点击“注册”次数','1','http://www.iuni.com/goods/170');
INSERT INTO GIONEE_DRS.IUNI_DA_RTAG(TYPE_ID,STATUS,CANCEL_FLAG,CREATE_BY,CREATE_DATE,UPDATE_BY,UPDATE_DATE,ID,NAME,RTAG,INFO) VALUES (4,1,0,'admin',SYSDATE,'admin',SYSDATE,'16','点击“注册”次数','1','http://www.iuni.com/goods/171');
INSERT INTO GIONEE_DRS.IUNI_DA_RTAG(TYPE_ID,STATUS,CANCEL_FLAG,CREATE_BY,CREATE_DATE,UPDATE_BY,UPDATE_DATE,ID,NAME,RTAG,INFO) VALUES (4,1,0,'admin',SYSDATE,'admin',SYSDATE,'17','点击“注册”次数','1','http://www.iuni.com/goods/172');
INSERT INTO GIONEE_DRS.IUNI_DA_RTAG(TYPE_ID,STATUS,CANCEL_FLAG,CREATE_BY,CREATE_DATE,UPDATE_BY,UPDATE_DATE,ID,NAME,RTAG,INFO) VALUES (4,1,0,'admin',SYSDATE,'admin',SYSDATE,'18','点击“注册”次数','1','http://www.iuni.com/goods/173');
INSERT INTO GIONEE_DRS.IUNI_DA_RTAG(TYPE_ID,STATUS,CANCEL_FLAG,CREATE_BY,CREATE_DATE,UPDATE_BY,UPDATE_DATE,ID,NAME,RTAG,INFO) VALUES (4,1,0,'admin',SYSDATE,'admin',SYSDATE,'19','点击“注册”次数','1','http://www.iuni.com/goods/189');
INSERT INTO GIONEE_DRS.IUNI_DA_RTAG(TYPE_ID,STATUS,CANCEL_FLAG,CREATE_BY,CREATE_DATE,UPDATE_BY,UPDATE_DATE,ID,NAME,RTAG,INFO) VALUES (4,1,0,'admin',SYSDATE,'admin',SYSDATE,'20','点击“注册”次数','1','http://www.iuni.com/goods/190');
INSERT INTO GIONEE_DRS.IUNI_DA_RTAG(TYPE_ID,STATUS,CANCEL_FLAG,CREATE_BY,CREATE_DATE,UPDATE_BY,UPDATE_DATE,ID,NAME,RTAG,INFO) VALUES (4,1,0,'admin',SYSDATE,'admin',SYSDATE,'21','点击“注册”次数','1','http://www.iuni.com/goods/191');
INSERT INTO GIONEE_DRS.IUNI_DA_RTAG(TYPE_ID,STATUS,CANCEL_FLAG,CREATE_BY,CREATE_DATE,UPDATE_BY,UPDATE_DATE,ID,NAME,RTAG,INFO) VALUES (4,1,0,'admin',SYSDATE,'admin',SYSDATE,'22','点击“注册”次数','1','http://www.iuni.com/goods/192');
INSERT INTO GIONEE_DRS.IUNI_DA_RTAG(TYPE_ID,STATUS,CANCEL_FLAG,CREATE_BY,CREATE_DATE,UPDATE_BY,UPDATE_DATE,ID,NAME,RTAG,INFO) VALUES (4,1,0,'admin',SYSDATE,'admin',SYSDATE,'23','点击“注册”次数','1','http://www.iuni.com/goods/34');
INSERT INTO GIONEE_DRS.IUNI_DA_RTAG(TYPE_ID,STATUS,CANCEL_FLAG,CREATE_BY,CREATE_DATE,UPDATE_BY,UPDATE_DATE,ID,NAME,RTAG,INFO) VALUES (4,1,0,'admin',SYSDATE,'admin',SYSDATE,'24','点击“注册”次数','1','http://www.iuni.com/goods/36');
INSERT INTO GIONEE_DRS.IUNI_DA_RTAG(TYPE_ID,STATUS,CANCEL_FLAG,CREATE_BY,CREATE_DATE,UPDATE_BY,UPDATE_DATE,ID,NAME,RTAG,INFO) VALUES (4,1,0,'admin',SYSDATE,'admin',SYSDATE,'25','点击“注册”次数','1','http://www.iuni.com/goods/37');
INSERT INTO GIONEE_DRS.IUNI_DA_RTAG(TYPE_ID,STATUS,CANCEL_FLAG,CREATE_BY,CREATE_DATE,UPDATE_BY,UPDATE_DATE,ID,NAME,RTAG,INFO) VALUES (4,1,0,'admin',SYSDATE,'admin',SYSDATE,'26','点击“注册”次数','1','http://www.iuni.com/goods/38');
INSERT INTO GIONEE_DRS.IUNI_DA_RTAG(TYPE_ID,STATUS,CANCEL_FLAG,CREATE_BY,CREATE_DATE,UPDATE_BY,UPDATE_DATE,ID,NAME,RTAG,INFO) VALUES (4,1,0,'admin',SYSDATE,'admin',SYSDATE,'27','点击“注册”次数','1','http://www.iuni.com/goods/44');
INSERT INTO GIONEE_DRS.IUNI_DA_RTAG(TYPE_ID,STATUS,CANCEL_FLAG,CREATE_BY,CREATE_DATE,UPDATE_BY,UPDATE_DATE,ID,NAME,RTAG,INFO) VALUES (4,1,0,'admin',SYSDATE,'admin',SYSDATE,'28','点击“注册”次数','1','http://www.iuni.com/goods/53');
INSERT INTO GIONEE_DRS.IUNI_DA_RTAG(TYPE_ID,STATUS,CANCEL_FLAG,CREATE_BY,CREATE_DATE,UPDATE_BY,UPDATE_DATE,ID,NAME,RTAG,INFO) VALUES (4,1,0,'admin',SYSDATE,'admin',SYSDATE,'29','点击“注册”次数','1','http://www.iuni.com/goods/54');
INSERT INTO GIONEE_DRS.IUNI_DA_RTAG(TYPE_ID,STATUS,CANCEL_FLAG,CREATE_BY,CREATE_DATE,UPDATE_BY,UPDATE_DATE,ID,NAME,RTAG,INFO) VALUES (4,1,0,'admin',SYSDATE,'admin',SYSDATE,'30','点击“注册”次数','1','http://www.iuni.com/goods/56');
INSERT INTO GIONEE_DRS.IUNI_DA_RTAG(TYPE_ID,STATUS,CANCEL_FLAG,CREATE_BY,CREATE_DATE,UPDATE_BY,UPDATE_DATE,ID,NAME,RTAG,INFO) VALUES (4,1,0,'admin',SYSDATE,'admin',SYSDATE,'31','点击“注册”次数','1','http://www.iuni.com/goods/78');
INSERT INTO GIONEE_DRS.IUNI_DA_RTAG(TYPE_ID,STATUS,CANCEL_FLAG,CREATE_BY,CREATE_DATE,UPDATE_BY,UPDATE_DATE,ID,NAME,RTAG,INFO) VALUES (4,1,0,'admin',SYSDATE,'admin',SYSDATE,'32','点击“注册”次数','1','http://www.iuni.com/goods/80');
INSERT INTO GIONEE_DRS.IUNI_DA_RTAG(TYPE_ID,STATUS,CANCEL_FLAG,CREATE_BY,CREATE_DATE,UPDATE_BY,UPDATE_DATE,ID,NAME,RTAG,INFO) VALUES (4,1,0,'admin',SYSDATE,'admin',SYSDATE,'33','点击“注册”次数','1','http://www.iuni.com/goods/81');
INSERT INTO GIONEE_DRS.IUNI_DA_RTAG(TYPE_ID,STATUS,CANCEL_FLAG,CREATE_BY,CREATE_DATE,UPDATE_BY,UPDATE_DATE,ID,NAME,RTAG,INFO) VALUES (4,1,0,'admin',SYSDATE,'admin',SYSDATE,'34','点击“注册”次数','1','http://www.iuni.com/goods/parts');
INSERT INTO GIONEE_DRS.IUNI_DA_RTAG(TYPE_ID,STATUS,CANCEL_FLAG,CREATE_BY,CREATE_DATE,UPDATE_BY,UPDATE_DATE,ID,NAME,RTAG,INFO) VALUES (4,1,0,'admin',SYSDATE,'admin',SYSDATE,'35','点击“注册”次数','1','http://www.iuni.com/index.shtml');
INSERT INTO GIONEE_DRS.IUNI_DA_RTAG(TYPE_ID,STATUS,CANCEL_FLAG,CREATE_BY,CREATE_DATE,UPDATE_BY,UPDATE_DATE,ID,NAME,RTAG,INFO) VALUES (4,1,0,'admin',SYSDATE,'admin',SYSDATE,'36','点击“注册”次数','1','http://www.iuni.com/service/*');
INSERT INTO GIONEE_DRS.IUNI_DA_RTAG(TYPE_ID,STATUS,CANCEL_FLAG,CREATE_BY,CREATE_DATE,UPDATE_BY,UPDATE_DATE,ID,NAME,RTAG,INFO) VALUES (4,1,0,'admin',SYSDATE,'admin',SYSDATE,'37','点击“注册”次数','1','http://bbs.iuni.com/*');
INSERT INTO GIONEE_DRS.IUNI_DA_RTAG(TYPE_ID,STATUS,CANCEL_FLAG,CREATE_BY,CREATE_DATE,UPDATE_BY,UPDATE_DATE,ID,NAME,RTAG,INFO) VALUES (4,1,0,'admin',SYSDATE,'admin',SYSDATE,'38','点击“注册”次数','1','http://town.iuni.com/*');
INSERT INTO GIONEE_DRS.IUNI_DA_RTAG(TYPE_ID,STATUS,CANCEL_FLAG,CREATE_BY,CREATE_DATE,UPDATE_BY,UPDATE_DATE,ID,NAME,RTAG,INFO) VALUES (4,1,0,'admin',SYSDATE,'admin',SYSDATE,'39','点击“注册”次数','1','http://www.iunios.com/*');
INSERT INTO GIONEE_DRS.IUNI_DA_RTAG(TYPE_ID,STATUS,CANCEL_FLAG,CREATE_BY,CREATE_DATE,UPDATE_BY,UPDATE_DATE,ID,NAME,RTAG,INFO) VALUES (4,1,0,'admin',SYSDATE,'admin',SYSDATE,'40','点击“同意协议并立即注册”次数','2','http://passport.iuni.com/register.shtml');
INSERT INTO GIONEE_DRS.IUNI_DA_RTAG(TYPE_ID,STATUS,CANCEL_FLAG,CREATE_BY,CREATE_DATE,UPDATE_BY,UPDATE_DATE,ID,NAME,RTAG,INFO) VALUES (4,1,0,'admin',SYSDATE,'admin',SYSDATE,'41','点击“下一步”次数','3','http://www.iuni.com/goods/34');
INSERT INTO GIONEE_DRS.IUNI_DA_RTAG(TYPE_ID,STATUS,CANCEL_FLAG,CREATE_BY,CREATE_DATE,UPDATE_BY,UPDATE_DATE,ID,NAME,RTAG,INFO) VALUES (4,1,0,'admin',SYSDATE,'admin',SYSDATE,'42','点击“下一步”次数','3','http://www.iuni.com/goods/36');
INSERT INTO GIONEE_DRS.IUNI_DA_RTAG(TYPE_ID,STATUS,CANCEL_FLAG,CREATE_BY,CREATE_DATE,UPDATE_BY,UPDATE_DATE,ID,NAME,RTAG,INFO) VALUES (4,1,0,'admin',SYSDATE,'admin',SYSDATE,'43','点击“下一步”次数','3','http://www.iuni.com/goods/37');
INSERT INTO GIONEE_DRS.IUNI_DA_RTAG(TYPE_ID,STATUS,CANCEL_FLAG,CREATE_BY,CREATE_DATE,UPDATE_BY,UPDATE_DATE,ID,NAME,RTAG,INFO) VALUES (4,1,0,'admin',SYSDATE,'admin',SYSDATE,'44','点击“下一步”次数','3','http://www.iuni.com/goods/38');
INSERT INTO GIONEE_DRS.IUNI_DA_RTAG(TYPE_ID,STATUS,CANCEL_FLAG,CREATE_BY,CREATE_DATE,UPDATE_BY,UPDATE_DATE,ID,NAME,RTAG,INFO) VALUES (4,1,0,'admin',SYSDATE,'admin',SYSDATE,'45','点击“加入购物车”次数','4','http://www.iuni.com/goods/137');
INSERT INTO GIONEE_DRS.IUNI_DA_RTAG(TYPE_ID,STATUS,CANCEL_FLAG,CREATE_BY,CREATE_DATE,UPDATE_BY,UPDATE_DATE,ID,NAME,RTAG,INFO) VALUES (4,1,0,'admin',SYSDATE,'admin',SYSDATE,'46','点击“加入购物车”次数','4','http://www.iuni.com/goods/155');
INSERT INTO GIONEE_DRS.IUNI_DA_RTAG(TYPE_ID,STATUS,CANCEL_FLAG,CREATE_BY,CREATE_DATE,UPDATE_BY,UPDATE_DATE,ID,NAME,RTAG,INFO) VALUES (4,1,0,'admin',SYSDATE,'admin',SYSDATE,'47','点击“加入购物车”次数','4','http://www.iuni.com/goods/170');
INSERT INTO GIONEE_DRS.IUNI_DA_RTAG(TYPE_ID,STATUS,CANCEL_FLAG,CREATE_BY,CREATE_DATE,UPDATE_BY,UPDATE_DATE,ID,NAME,RTAG,INFO) VALUES (4,1,0,'admin',SYSDATE,'admin',SYSDATE,'48','点击“加入购物车”次数','4','http://www.iuni.com/goods/171');
INSERT INTO GIONEE_DRS.IUNI_DA_RTAG(TYPE_ID,STATUS,CANCEL_FLAG,CREATE_BY,CREATE_DATE,UPDATE_BY,UPDATE_DATE,ID,NAME,RTAG,INFO) VALUES (4,1,0,'admin',SYSDATE,'admin',SYSDATE,'49','点击“加入购物车”次数','4','http://www.iuni.com/goods/172');
INSERT INTO GIONEE_DRS.IUNI_DA_RTAG(TYPE_ID,STATUS,CANCEL_FLAG,CREATE_BY,CREATE_DATE,UPDATE_BY,UPDATE_DATE,ID,NAME,RTAG,INFO) VALUES (4,1,0,'admin',SYSDATE,'admin',SYSDATE,'50','点击“加入购物车”次数','4','http://www.iuni.com/goods/173');
INSERT INTO GIONEE_DRS.IUNI_DA_RTAG(TYPE_ID,STATUS,CANCEL_FLAG,CREATE_BY,CREATE_DATE,UPDATE_BY,UPDATE_DATE,ID,NAME,RTAG,INFO) VALUES (4,1,0,'admin',SYSDATE,'admin',SYSDATE,'51','点击“加入购物车”次数','4','http://www.iuni.com/goods/189');
INSERT INTO GIONEE_DRS.IUNI_DA_RTAG(TYPE_ID,STATUS,CANCEL_FLAG,CREATE_BY,CREATE_DATE,UPDATE_BY,UPDATE_DATE,ID,NAME,RTAG,INFO) VALUES (4,1,0,'admin',SYSDATE,'admin',SYSDATE,'52','点击“加入购物车”次数','4','http://www.iuni.com/goods/190');
INSERT INTO GIONEE_DRS.IUNI_DA_RTAG(TYPE_ID,STATUS,CANCEL_FLAG,CREATE_BY,CREATE_DATE,UPDATE_BY,UPDATE_DATE,ID,NAME,RTAG,INFO) VALUES (4,1,0,'admin',SYSDATE,'admin',SYSDATE,'53','点击“加入购物车”次数','4','http://www.iuni.com/goods/191');
INSERT INTO GIONEE_DRS.IUNI_DA_RTAG(TYPE_ID,STATUS,CANCEL_FLAG,CREATE_BY,CREATE_DATE,UPDATE_BY,UPDATE_DATE,ID,NAME,RTAG,INFO) VALUES (4,1,0,'admin',SYSDATE,'admin',SYSDATE,'54','点击“加入购物车”次数','4','http://www.iuni.com/goods/192');
INSERT INTO GIONEE_DRS.IUNI_DA_RTAG(TYPE_ID,STATUS,CANCEL_FLAG,CREATE_BY,CREATE_DATE,UPDATE_BY,UPDATE_DATE,ID,NAME,RTAG,INFO) VALUES (4,1,0,'admin',SYSDATE,'admin',SYSDATE,'55','点击“加入购物车”次数','4','http://www.iuni.com/goods/44');
INSERT INTO GIONEE_DRS.IUNI_DA_RTAG(TYPE_ID,STATUS,CANCEL_FLAG,CREATE_BY,CREATE_DATE,UPDATE_BY,UPDATE_DATE,ID,NAME,RTAG,INFO) VALUES (4,1,0,'admin',SYSDATE,'admin',SYSDATE,'56','点击“加入购物车”次数','4','http://www.iuni.com/goods/53');
INSERT INTO GIONEE_DRS.IUNI_DA_RTAG(TYPE_ID,STATUS,CANCEL_FLAG,CREATE_BY,CREATE_DATE,UPDATE_BY,UPDATE_DATE,ID,NAME,RTAG,INFO) VALUES (4,1,0,'admin',SYSDATE,'admin',SYSDATE,'57','点击“加入购物车”次数','4','http://www.iuni.com/goods/54');
INSERT INTO GIONEE_DRS.IUNI_DA_RTAG(TYPE_ID,STATUS,CANCEL_FLAG,CREATE_BY,CREATE_DATE,UPDATE_BY,UPDATE_DATE,ID,NAME,RTAG,INFO) VALUES (4,1,0,'admin',SYSDATE,'admin',SYSDATE,'58','点击“加入购物车”次数','4','http://www.iuni.com/goods/56');
INSERT INTO GIONEE_DRS.IUNI_DA_RTAG(TYPE_ID,STATUS,CANCEL_FLAG,CREATE_BY,CREATE_DATE,UPDATE_BY,UPDATE_DATE,ID,NAME,RTAG,INFO) VALUES (4,1,0,'admin',SYSDATE,'admin',SYSDATE,'59','点击“加入购物车”次数','4','http://www.iuni.com/goods/78');
INSERT INTO GIONEE_DRS.IUNI_DA_RTAG(TYPE_ID,STATUS,CANCEL_FLAG,CREATE_BY,CREATE_DATE,UPDATE_BY,UPDATE_DATE,ID,NAME,RTAG,INFO) VALUES (4,1,0,'admin',SYSDATE,'admin',SYSDATE,'60','点击“加入购物车”次数','4','http://www.iuni.com/goods/80');
INSERT INTO GIONEE_DRS.IUNI_DA_RTAG(TYPE_ID,STATUS,CANCEL_FLAG,CREATE_BY,CREATE_DATE,UPDATE_BY,UPDATE_DATE,ID,NAME,RTAG,INFO) VALUES (4,1,0,'admin',SYSDATE,'admin',SYSDATE,'61','点击“加入购物车”次数','4','http://www.iuni.com/goods/81');
INSERT INTO GIONEE_DRS.IUNI_DA_RTAG(TYPE_ID,STATUS,CANCEL_FLAG,CREATE_BY,CREATE_DATE,UPDATE_BY,UPDATE_DATE,ID,NAME,RTAG,INFO) VALUES (4,1,0,'admin',SYSDATE,'admin',SYSDATE,'62','点击“立即购买”次数','5','http://www.iuni.com/special/2014/0610green/index.shtml');
INSERT INTO GIONEE_DRS.IUNI_DA_RTAG(TYPE_ID,STATUS,CANCEL_FLAG,CREATE_BY,CREATE_DATE,UPDATE_BY,UPDATE_DATE,ID,NAME,RTAG,INFO) VALUES (4,1,0,'admin',SYSDATE,'admin',SYSDATE,'63','点击“立即购买”次数','5','http://www.iuni.com/special/2014/0623silver/index.shtml');
INSERT INTO GIONEE_DRS.IUNI_DA_RTAG(TYPE_ID,STATUS,CANCEL_FLAG,CREATE_BY,CREATE_DATE,UPDATE_BY,UPDATE_DATE,ID,NAME,RTAG,INFO) VALUES (4,1,0,'admin',SYSDATE,'admin',SYSDATE,'64','点击“立即购买”次数','5','http://www.iuni.com/special/2014/0826U3/u3_1.shtml');
INSERT INTO GIONEE_DRS.IUNI_DA_RTAG(TYPE_ID,STATUS,CANCEL_FLAG,CREATE_BY,CREATE_DATE,UPDATE_BY,UPDATE_DATE,ID,NAME,RTAG,INFO) VALUES (4,1,0,'admin',SYSDATE,'admin',SYSDATE,'65','点击“立即购买”次数','5','http://www.iuni.com/special/2014/0826U3/u3_2.shtml');
INSERT INTO GIONEE_DRS.IUNI_DA_RTAG(TYPE_ID,STATUS,CANCEL_FLAG,CREATE_BY,CREATE_DATE,UPDATE_BY,UPDATE_DATE,ID,NAME,RTAG,INFO) VALUES (4,1,0,'admin',SYSDATE,'admin',SYSDATE,'66','点击“立即购买”次数','5','http://www.iuni.com/special/2014/0826U3/u3_3.shtml');
INSERT INTO GIONEE_DRS.IUNI_DA_RTAG(TYPE_ID,STATUS,CANCEL_FLAG,CREATE_BY,CREATE_DATE,UPDATE_BY,UPDATE_DATE,ID,NAME,RTAG,INFO) VALUES (4,1,0,'admin',SYSDATE,'admin',SYSDATE,'67','点击“立即购买”次数','5','http://www.iuni.com/special/2014/0826U3/u3_4.shtml');
INSERT INTO GIONEE_DRS.IUNI_DA_RTAG(TYPE_ID,STATUS,CANCEL_FLAG,CREATE_BY,CREATE_DATE,UPDATE_BY,UPDATE_DATE,ID,NAME,RTAG,INFO) VALUES (4,1,0,'admin',SYSDATE,'admin',SYSDATE,'68','点击“立即购买”次数','5','http://www.iuni.com/special/2014/0826U3/u3_5.shtml');
INSERT INTO GIONEE_DRS.IUNI_DA_RTAG(TYPE_ID,STATUS,CANCEL_FLAG,CREATE_BY,CREATE_DATE,UPDATE_BY,UPDATE_DATE,ID,NAME,RTAG,INFO) VALUES (4,1,0,'admin',SYSDATE,'admin',SYSDATE,'69','点击“立即购买”次数','5','http://www.iuni.com/special/2014/0826U3/u3_6.shtml');
INSERT INTO GIONEE_DRS.IUNI_DA_RTAG(TYPE_ID,STATUS,CANCEL_FLAG,CREATE_BY,CREATE_DATE,UPDATE_BY,UPDATE_DATE,ID,NAME,RTAG,INFO) VALUES (4,1,0,'admin',SYSDATE,'admin',SYSDATE,'70','点击“立即购买”次数','5','http://www.iuni.com/special/2014/0826U3/u3_7.shtml');
INSERT INTO GIONEE_DRS.IUNI_DA_RTAG(TYPE_ID,STATUS,CANCEL_FLAG,CREATE_BY,CREATE_DATE,UPDATE_BY,UPDATE_DATE,ID,NAME,RTAG,INFO) VALUES (4,1,0,'admin',SYSDATE,'admin',SYSDATE,'71','点击“立即购买”次数','5','http://www.iuni.com/special/2014/0826U3/u3_8.shtml');
INSERT INTO GIONEE_DRS.IUNI_DA_RTAG(TYPE_ID,STATUS,CANCEL_FLAG,CREATE_BY,CREATE_DATE,UPDATE_BY,UPDATE_DATE,ID,NAME,RTAG,INFO) VALUES (4,1,0,'admin',SYSDATE,'admin',SYSDATE,'72','点击“去结算”次数','6','http://www.iuni.com/cart');
INSERT INTO GIONEE_DRS.IUNI_DA_RTAG(TYPE_ID,STATUS,CANCEL_FLAG,CREATE_BY,CREATE_DATE,UPDATE_BY,UPDATE_DATE,ID,NAME,RTAG,INFO) VALUES (4,1,0,'admin',SYSDATE,'admin',SYSDATE,'73','点击“继续购物”次数','7','http://www.iuni.com/cart');
INSERT INTO GIONEE_DRS.IUNI_DA_RTAG(TYPE_ID,STATUS,CANCEL_FLAG,CREATE_BY,CREATE_DATE,UPDATE_BY,UPDATE_DATE,ID,NAME,RTAG,INFO) VALUES (4,1,0,'admin',SYSDATE,'admin',SYSDATE,'74','点击“提交订单”的次数','8','http://www.iuni.com/order/confirm');
INSERT INTO GIONEE_DRS.IUNI_DA_RTAG(TYPE_ID,STATUS,CANCEL_FLAG,CREATE_BY,CREATE_DATE,UPDATE_BY,UPDATE_DATE,ID,NAME,RTAG,INFO) VALUES (4,1,0,'admin',SYSDATE,'admin',SYSDATE,'75','点击“支付尾款”的次数','9','http://passport.iuni.com/myorder.shtml');
INSERT INTO GIONEE_DRS.IUNI_DA_RTAG(TYPE_ID,STATUS,CANCEL_FLAG,CREATE_BY,CREATE_DATE,UPDATE_BY,UPDATE_DATE,ID,NAME,RTAG,INFO) VALUES (4,1,0,'admin',SYSDATE,'admin',SYSDATE,'76','点击“到货通知”次数','10','http://www.iuni.com/goods/135');
INSERT INTO GIONEE_DRS.IUNI_DA_RTAG(TYPE_ID,STATUS,CANCEL_FLAG,CREATE_BY,CREATE_DATE,UPDATE_BY,UPDATE_DATE,ID,NAME,RTAG,INFO) VALUES (4,1,0,'admin',SYSDATE,'admin',SYSDATE,'77','点击“到货通知”次数','10','http://www.iuni.com/goods/136');
INSERT INTO GIONEE_DRS.IUNI_DA_RTAG(TYPE_ID,STATUS,CANCEL_FLAG,CREATE_BY,CREATE_DATE,UPDATE_BY,UPDATE_DATE,ID,NAME,RTAG,INFO) VALUES (4,1,0,'admin',SYSDATE,'admin',SYSDATE,'78','点击“到货通知”次数','10','http://www.iuni.com/goods/138');
INSERT INTO GIONEE_DRS.IUNI_DA_RTAG(TYPE_ID,STATUS,CANCEL_FLAG,CREATE_BY,CREATE_DATE,UPDATE_BY,UPDATE_DATE,ID,NAME,RTAG,INFO) VALUES (4,1,0,'admin',SYSDATE,'admin',SYSDATE,'79','点击到货通知弹框中“确定”的次数','11','http://www.iuni.com/goods/135');
INSERT INTO GIONEE_DRS.IUNI_DA_RTAG(TYPE_ID,STATUS,CANCEL_FLAG,CREATE_BY,CREATE_DATE,UPDATE_BY,UPDATE_DATE,ID,NAME,RTAG,INFO) VALUES (4,1,0,'admin',SYSDATE,'admin',SYSDATE,'80','点击到货通知弹框中“确定”的次数','11','http://www.iuni.com/goods/136');
INSERT INTO GIONEE_DRS.IUNI_DA_RTAG(TYPE_ID,STATUS,CANCEL_FLAG,CREATE_BY,CREATE_DATE,UPDATE_BY,UPDATE_DATE,ID,NAME,RTAG,INFO) VALUES (4,1,0,'admin',SYSDATE,'admin',SYSDATE,'81','点击到货通知弹框中“确定”的次数','11','http://www.iuni.com/goods/138');

COMMIT;

-- INIT IUNI_DA_CHAIN
DELETE FROM GIONEE_DRS.IUNI_DA_CHAIN;
INSERT INTO GIONEE_DRS.IUNI_DA_CHAIN("ID","NAME",PRODUCT,"DESC",STATUS,CANCEL_FLAG,CREATE_BY,CREATE_DATE,UPDATE_BY,UPDATE_DATE) VALUES(1, '普通购买', '','普通购买', 1, 0, 'admin', SYSDATE, 'admin', SYSDATE);
INSERT INTO GIONEE_DRS.IUNI_DA_CHAIN("ID","NAME",PRODUCT,"DESC",STATUS,CANCEL_FLAG,CREATE_BY,CREATE_DATE,UPDATE_BY,UPDATE_DATE) VALUES(2, '预定', '','预定', 1, 0, 'admin', SYSDATE, 'admin', SYSDATE);
INSERT INTO GIONEE_DRS.IUNI_DA_CHAIN("ID","NAME",PRODUCT,"DESC",STATUS,CANCEL_FLAG,CREATE_BY,CREATE_DATE,UPDATE_BY,UPDATE_DATE) VALUES(3, '登记到货通知', '','登记到货通知', 1, 0, 'admin', SYSDATE, 'admin', SYSDATE);
COMMIT;

-- INIT IUNI_DA_CHAIN_STEP_TYPE
DELETE FROM GIONEE_DRS.IUNI_DA_CHAIN_STEP_TYPE;
INSERT INTO GIONEE_DRS.IUNI_DA_CHAIN_STEP_TYPE VALUES(1,'页面','页面',1,0,'admin',SYSDATE,'admin',SYSDATE);
INSERT INTO GIONEE_DRS.IUNI_DA_CHAIN_STEP_TYPE VALUES(2,'点击按钮','点击按钮',1,0,'admin',SYSDATE,'admin',SYSDATE);
INSERT INTO GIONEE_DRS.IUNI_DA_CHAIN_STEP_TYPE VALUES(3,'数据统计','数据统计',1,0,'admin',SYSDATE,'admin',SYSDATE);
COMMIT;

-- INIT IUNI_DA_CHAIN_STEP
DELETE FROM GIONEE_DRS.IUNI_DA_CHAIN_STEP;
-- 普通购买路径
INSERT INTO GIONEE_DRS.IUNI_DA_CHAIN_STEP(TYPE_ID,CREATE_BY,CREATE_DATE,UPDATE_BY,UPDATE_DATE,"ID",CHAIN_ID,STEP_INDEX,"NAME","DESC",PAGE_NAME,PAGE_URL) VALUES(1,'admin',SYSDATE,'admin',SYSDATE,1,1,1,'进入网站','进入网站总的UV','IUNI官网','www.iuni.com');
INSERT INTO GIONEE_DRS.IUNI_DA_CHAIN_STEP(TYPE_ID,CREATE_BY,CREATE_DATE,UPDATE_BY,UPDATE_DATE,"ID",CHAIN_ID,STEP_INDEX,"NAME","DESC",PAGE_NAME,PAGE_URL) VALUES(1,'admin',SYSDATE,'admin',SYSDATE,2,1,1,'进入网站','进入网站总的UV','登录、注册页面','passport.iuni.com');
INSERT INTO GIONEE_DRS.IUNI_DA_CHAIN_STEP(TYPE_ID,CREATE_BY,CREATE_DATE,UPDATE_BY,UPDATE_DATE,"ID",CHAIN_ID,STEP_INDEX,"NAME","DESC",PAGE_NAME,PAGE_URL) VALUES(1,'admin',SYSDATE,'admin',SYSDATE,3,1,2,'浏览商品详情','手机详情页和配件汇总页UV','手机详情页','http://www.iuni.com/special/2014/0610green/index.shtml');
INSERT INTO GIONEE_DRS.IUNI_DA_CHAIN_STEP(TYPE_ID,CREATE_BY,CREATE_DATE,UPDATE_BY,UPDATE_DATE,"ID",CHAIN_ID,STEP_INDEX,"NAME","DESC",PAGE_NAME,PAGE_URL) VALUES(1,'admin',SYSDATE,'admin',SYSDATE,4,1,2,'浏览商品详情','手机详情页和配件汇总页UV','手机详情页','http://www.iuni.com/special/2014/0623silver/index.shtml');
INSERT INTO GIONEE_DRS.IUNI_DA_CHAIN_STEP(TYPE_ID,CREATE_BY,CREATE_DATE,UPDATE_BY,UPDATE_DATE,"ID",CHAIN_ID,STEP_INDEX,"NAME","DESC",PAGE_NAME,PAGE_URL) VALUES(1,'admin',SYSDATE,'admin',SYSDATE,5,1,2,'浏览商品详情','手机详情页和配件汇总页UV','配件汇总页','http://www.iuni.com/goods/parts');
INSERT INTO GIONEE_DRS.IUNI_DA_CHAIN_STEP(TYPE_ID,CREATE_BY,CREATE_DATE,UPDATE_BY,UPDATE_DATE,"ID",CHAIN_ID,STEP_INDEX,"NAME","DESC",PAGE_NAME,PAGE_URL) VALUES(1,'admin',SYSDATE,'admin',SYSDATE,6,1,3,'选择产品','选择手机页面和配件详情页UV','选择手机页','http://www.iuni.com/goods/34');
INSERT INTO GIONEE_DRS.IUNI_DA_CHAIN_STEP(TYPE_ID,CREATE_BY,CREATE_DATE,UPDATE_BY,UPDATE_DATE,"ID",CHAIN_ID,STEP_INDEX,"NAME","DESC",PAGE_NAME,PAGE_URL) VALUES(1,'admin',SYSDATE,'admin',SYSDATE,7,1,3,'选择产品','选择手机页面和配件详情页UV','选择手机页','http://www.iuni.com/goods/36');
INSERT INTO GIONEE_DRS.IUNI_DA_CHAIN_STEP(TYPE_ID,CREATE_BY,CREATE_DATE,UPDATE_BY,UPDATE_DATE,"ID",CHAIN_ID,STEP_INDEX,"NAME","DESC",PAGE_NAME,PAGE_URL) VALUES(1,'admin',SYSDATE,'admin',SYSDATE,8,1,3,'选择产品','选择手机页面和配件详情页UV','选择手机页','http://www.iuni.com/goods/37');
INSERT INTO GIONEE_DRS.IUNI_DA_CHAIN_STEP(TYPE_ID,CREATE_BY,CREATE_DATE,UPDATE_BY,UPDATE_DATE,"ID",CHAIN_ID,STEP_INDEX,"NAME","DESC",PAGE_NAME,PAGE_URL) VALUES(1,'admin',SYSDATE,'admin',SYSDATE,9,1,3,'选择产品','选择手机页面和配件详情页UV','选择手机页','http://www.iuni.com/goods/38');
INSERT INTO GIONEE_DRS.IUNI_DA_CHAIN_STEP(TYPE_ID,CREATE_BY,CREATE_DATE,UPDATE_BY,UPDATE_DATE,"ID",CHAIN_ID,STEP_INDEX,"NAME","DESC",PAGE_NAME,PAGE_URL) VALUES(1,'admin',SYSDATE,'admin',SYSDATE,10,1,3,'选择产品','选择手机页面和配件详情页UV','配件详情页','http://www.iuni.com/goods/44');
INSERT INTO GIONEE_DRS.IUNI_DA_CHAIN_STEP(TYPE_ID,CREATE_BY,CREATE_DATE,UPDATE_BY,UPDATE_DATE,"ID",CHAIN_ID,STEP_INDEX,"NAME","DESC",PAGE_NAME,PAGE_URL) VALUES(1,'admin',SYSDATE,'admin',SYSDATE,11,1,3,'选择产品','选择手机页面和配件详情页UV','配件详情页','http://www.iuni.com/goods/53');
INSERT INTO GIONEE_DRS.IUNI_DA_CHAIN_STEP(TYPE_ID,CREATE_BY,CREATE_DATE,UPDATE_BY,UPDATE_DATE,"ID",CHAIN_ID,STEP_INDEX,"NAME","DESC",PAGE_NAME,PAGE_URL) VALUES(1,'admin',SYSDATE,'admin',SYSDATE,12,1,3,'选择产品','选择手机页面和配件详情页UV','配件详情页','http://www.iuni.com/goods/54');
INSERT INTO GIONEE_DRS.IUNI_DA_CHAIN_STEP(TYPE_ID,CREATE_BY,CREATE_DATE,UPDATE_BY,UPDATE_DATE,"ID",CHAIN_ID,STEP_INDEX,"NAME","DESC",PAGE_NAME,PAGE_URL) VALUES(1,'admin',SYSDATE,'admin',SYSDATE,13,1,3,'选择产品','选择手机页面和配件详情页UV','配件详情页','http://www.iuni.com/goods/56');
INSERT INTO GIONEE_DRS.IUNI_DA_CHAIN_STEP(TYPE_ID,CREATE_BY,CREATE_DATE,UPDATE_BY,UPDATE_DATE,"ID",CHAIN_ID,STEP_INDEX,"NAME","DESC",PAGE_NAME,PAGE_URL) VALUES(1,'admin',SYSDATE,'admin',SYSDATE,14,1,3,'选择产品','选择手机页面和配件详情页UV','配件详情页','http://www.iuni.com/goods/78');
INSERT INTO GIONEE_DRS.IUNI_DA_CHAIN_STEP(TYPE_ID,CREATE_BY,CREATE_DATE,UPDATE_BY,UPDATE_DATE,"ID",CHAIN_ID,STEP_INDEX,"NAME","DESC",PAGE_NAME,PAGE_URL) VALUES(1,'admin',SYSDATE,'admin',SYSDATE,15,1,3,'选择产品','选择手机页面和配件详情页UV','配件详情页','http://www.iuni.com/goods/80');
INSERT INTO GIONEE_DRS.IUNI_DA_CHAIN_STEP(TYPE_ID,CREATE_BY,CREATE_DATE,UPDATE_BY,UPDATE_DATE,"ID",CHAIN_ID,STEP_INDEX,"NAME","DESC",PAGE_NAME,PAGE_URL) VALUES(1,'admin',SYSDATE,'admin',SYSDATE,16,1,3,'选择产品','选择手机页面和配件详情页UV','配件详情页','http://www.iuni.com/goods/81');
INSERT INTO GIONEE_DRS.IUNI_DA_CHAIN_STEP(TYPE_ID,CREATE_BY,CREATE_DATE,UPDATE_BY,UPDATE_DATE,"ID",CHAIN_ID,STEP_INDEX,"NAME","DESC",PAGE_NAME,PAGE_URL) VALUES(1,'admin',SYSDATE,'admin',SYSDATE,17,1,3,'选择产品','选择手机页面和配件详情页UV','配件详情页','http://www.iuni.com/goods/137');
INSERT INTO GIONEE_DRS.IUNI_DA_CHAIN_STEP(TYPE_ID,CREATE_BY,CREATE_DATE,UPDATE_BY,UPDATE_DATE,"ID",CHAIN_ID,STEP_INDEX,"NAME","DESC",PAGE_NAME,PAGE_URL) VALUES(1,'admin',SYSDATE,'admin',SYSDATE,18,1,3,'选择产品','选择手机页面和配件详情页UV','配件详情页','http://www.iuni.com/goods/155');
INSERT INTO GIONEE_DRS.IUNI_DA_CHAIN_STEP(TYPE_ID,CREATE_BY,CREATE_DATE,UPDATE_BY,UPDATE_DATE,"ID",CHAIN_ID,STEP_INDEX,"NAME","DESC",PAGE_NAME,PAGE_URL) VALUES(1,'admin',SYSDATE,'admin',SYSDATE,19,1,3,'选择产品','选择手机页面和配件详情页UV','配件详情页','http://www.iuni.com/goods/170');
INSERT INTO GIONEE_DRS.IUNI_DA_CHAIN_STEP(TYPE_ID,CREATE_BY,CREATE_DATE,UPDATE_BY,UPDATE_DATE,"ID",CHAIN_ID,STEP_INDEX,"NAME","DESC",PAGE_NAME,PAGE_URL) VALUES(1,'admin',SYSDATE,'admin',SYSDATE,20,1,3,'选择产品','选择手机页面和配件详情页UV','配件详情页','http://www.iuni.com/goods/171');
INSERT INTO GIONEE_DRS.IUNI_DA_CHAIN_STEP(TYPE_ID,CREATE_BY,CREATE_DATE,UPDATE_BY,UPDATE_DATE,"ID",CHAIN_ID,STEP_INDEX,"NAME","DESC",PAGE_NAME,PAGE_URL) VALUES(1,'admin',SYSDATE,'admin',SYSDATE,21,1,3,'选择产品','选择手机页面和配件详情页UV','配件详情页','http://www.iuni.com/goods/172');
INSERT INTO GIONEE_DRS.IUNI_DA_CHAIN_STEP(TYPE_ID,CREATE_BY,CREATE_DATE,UPDATE_BY,UPDATE_DATE,"ID",CHAIN_ID,STEP_INDEX,"NAME","DESC",PAGE_NAME,PAGE_URL) VALUES(1,'admin',SYSDATE,'admin',SYSDATE,22,1,3,'选择产品','选择手机页面和配件详情页UV','配件详情页','http://www.iuni.com/goods/173');
INSERT INTO GIONEE_DRS.IUNI_DA_CHAIN_STEP(TYPE_ID,CREATE_BY,CREATE_DATE,UPDATE_BY,UPDATE_DATE,"ID",CHAIN_ID,STEP_INDEX,"NAME","DESC",PAGE_NAME,PAGE_URL) VALUES(1,'admin',SYSDATE,'admin',SYSDATE,23,1,3,'选择产品','选择手机页面和配件详情页UV','配件详情页','http://www.iuni.com/goods/189');
INSERT INTO GIONEE_DRS.IUNI_DA_CHAIN_STEP(TYPE_ID,CREATE_BY,CREATE_DATE,UPDATE_BY,UPDATE_DATE,"ID",CHAIN_ID,STEP_INDEX,"NAME","DESC",PAGE_NAME,PAGE_URL) VALUES(1,'admin',SYSDATE,'admin',SYSDATE,24,1,3,'选择产品','选择手机页面和配件详情页UV','配件详情页','http://www.iuni.com/goods/190');
INSERT INTO GIONEE_DRS.IUNI_DA_CHAIN_STEP(TYPE_ID,CREATE_BY,CREATE_DATE,UPDATE_BY,UPDATE_DATE,"ID",CHAIN_ID,STEP_INDEX,"NAME","DESC",PAGE_NAME,PAGE_URL) VALUES(1,'admin',SYSDATE,'admin',SYSDATE,25,1,3,'选择产品','选择手机页面和配件详情页UV','配件详情页','http://www.iuni.com/goods/191');
INSERT INTO GIONEE_DRS.IUNI_DA_CHAIN_STEP(TYPE_ID,CREATE_BY,CREATE_DATE,UPDATE_BY,UPDATE_DATE,"ID",CHAIN_ID,STEP_INDEX,"NAME","DESC",PAGE_NAME,PAGE_URL) VALUES(1,'admin',SYSDATE,'admin',SYSDATE,26,1,3,'选择产品','选择手机页面和配件详情页UV','配件详情页','http://www.iuni.com/goods/192');
INSERT INTO GIONEE_DRS.IUNI_DA_CHAIN_STEP(TYPE_ID,CREATE_BY,CREATE_DATE,UPDATE_BY,UPDATE_DATE,"ID",CHAIN_ID,STEP_INDEX,"NAME","DESC",PAGE_NAME,PAGE_URL) VALUES(1,'admin',SYSDATE,'admin',SYSDATE,27,1,4,'放入购物车','购物车页面UV','购物车页面','http://www.iuni.com/cart');
INSERT INTO GIONEE_DRS.IUNI_DA_CHAIN_STEP(TYPE_ID,CREATE_BY,CREATE_DATE,UPDATE_BY,UPDATE_DATE,"ID",CHAIN_ID,STEP_INDEX,"NAME","DESC",PAGE_NAME,PAGE_URL) VALUES(1,'admin',SYSDATE,'admin',SYSDATE,28,1,5,'确认并提交订单','确认订单信息页面UV','确认订单信息页面','http://www.iuni.com/order/confirm');
INSERT INTO GIONEE_DRS.IUNI_DA_CHAIN_STEP(TYPE_ID,CREATE_BY,CREATE_DATE,UPDATE_BY,UPDATE_DATE,"ID",CHAIN_ID,STEP_INDEX,"NAME","DESC",RTAG_ID) VALUES(2,'admin',SYSDATE,'admin',SYSDATE,29,1,6,'结算和支付','在确认订单信息页面点击“提交订单”按钮人数',8);
INSERT INTO GIONEE_DRS.IUNI_DA_CHAIN_STEP(TYPE_ID,CREATE_BY,CREATE_DATE,UPDATE_BY,UPDATE_DATE,"ID",CHAIN_ID,STEP_INDEX,"NAME","DESC",ORDER_TYPE) VALUES(3,'admin',SYSDATE,'admin',SYSDATE,30,1,7,'完成交易','已支付订单数（只统计order_type=normal的订单量）','normal');
-- 预订
INSERT INTO GIONEE_DRS.IUNI_DA_CHAIN_STEP(TYPE_ID,CREATE_BY,CREATE_DATE,UPDATE_BY,UPDATE_DATE,"ID",CHAIN_ID,STEP_INDEX,"NAME","DESC",PAGE_NAME,PAGE_URL) VALUES(1,'admin',SYSDATE,'admin',SYSDATE,50,2,1,'进入网站','进入网站总的UV','IUNI官网','www.iuni.com');
INSERT INTO GIONEE_DRS.IUNI_DA_CHAIN_STEP(TYPE_ID,CREATE_BY,CREATE_DATE,UPDATE_BY,UPDATE_DATE,"ID",CHAIN_ID,STEP_INDEX,"NAME","DESC",PAGE_NAME,PAGE_URL) VALUES(1,'admin',SYSDATE,'admin',SYSDATE,51,2,1,'进入网站','进入网站总的UV','登录、注册页面','passport.iuni.com');
INSERT INTO GIONEE_DRS.IUNI_DA_CHAIN_STEP(TYPE_ID,CREATE_BY,CREATE_DATE,UPDATE_BY,UPDATE_DATE,"ID",CHAIN_ID,STEP_INDEX,"NAME","DESC",PAGE_NAME,PAGE_URL) VALUES(1,'admin',SYSDATE,'admin',SYSDATE,52,2,2,'进入活动页','活动页UV','U3预定页','http://www.iuni.com/zt/2014/1009/index.shtml');
INSERT INTO GIONEE_DRS.IUNI_DA_CHAIN_STEP(TYPE_ID,CREATE_BY,CREATE_DATE,UPDATE_BY,UPDATE_DATE,"ID",CHAIN_ID,STEP_INDEX,"NAME","DESC",PAGE_NAME,PAGE_URL) VALUES(1,'admin',SYSDATE,'admin',SYSDATE,53,2,3,'选择产品','选择产品页UV','U3选择手机页','http://www.iuni.com/goods/135');
INSERT INTO GIONEE_DRS.IUNI_DA_CHAIN_STEP(TYPE_ID,CREATE_BY,CREATE_DATE,UPDATE_BY,UPDATE_DATE,"ID",CHAIN_ID,STEP_INDEX,"NAME","DESC",PAGE_NAME,PAGE_URL) VALUES(1,'admin',SYSDATE,'admin',SYSDATE,54,2,3,'选择产品','选择产品页UV','U3选择手机页','http://www.iuni.com/goods/136');
INSERT INTO GIONEE_DRS.IUNI_DA_CHAIN_STEP(TYPE_ID,CREATE_BY,CREATE_DATE,UPDATE_BY,UPDATE_DATE,"ID",CHAIN_ID,STEP_INDEX,"NAME","DESC",PAGE_NAME,PAGE_URL) VALUES(1,'admin',SYSDATE,'admin',SYSDATE,55,2,3,'选择产品','选择产品页UV','U3选择手机页','http://www.iuni.com/goods/138');
INSERT INTO GIONEE_DRS.IUNI_DA_CHAIN_STEP(TYPE_ID,CREATE_BY,CREATE_DATE,UPDATE_BY,UPDATE_DATE,"ID",CHAIN_ID,STEP_INDEX,"NAME","DESC",PAGE_NAME,PAGE_URL) VALUES(1,'admin',SYSDATE,'admin',SYSDATE,56,2,4,'确认并提交订单','确认订单信息页面UV','确认订单信息页面','http://www.iuni.com/order/confirm');
INSERT INTO GIONEE_DRS.IUNI_DA_CHAIN_STEP(TYPE_ID,CREATE_BY,CREATE_DATE,UPDATE_BY,UPDATE_DATE,"ID",CHAIN_ID,STEP_INDEX,"NAME","DESC",RTAG_ID) VALUES(2,'admin',SYSDATE,'admin',SYSDATE,57,2,5,'预定成功','在确认订单信息页面点击“提交订单”按钮人数',8);
INSERT INTO GIONEE_DRS.IUNI_DA_CHAIN_STEP(TYPE_ID,CREATE_BY,CREATE_DATE,UPDATE_BY,UPDATE_DATE,"ID",CHAIN_ID,STEP_INDEX,"NAME","DESC",RTAG_ID) VALUES(2,'admin',SYSDATE,'admin',SYSDATE,58,2,6,'支付尾款','“我的订单”页面点击“支付尾款”次数',9);
INSERT INTO GIONEE_DRS.IUNI_DA_CHAIN_STEP(TYPE_ID,CREATE_BY,CREATE_DATE,UPDATE_BY,UPDATE_DATE,"ID",CHAIN_ID,STEP_INDEX,"NAME","DESC",ORDER_TYPE) VALUES(3,'admin',SYSDATE,'admin',SYSDATE,59,2,7,'完成交易','已支付订单数（只统计order_type=ys的订单量）','ys');
-- 登记到货通知路径
INSERT INTO GIONEE_DRS.IUNI_DA_CHAIN_STEP(TYPE_ID,CREATE_BY,CREATE_DATE,UPDATE_BY,UPDATE_DATE,"ID",CHAIN_ID,STEP_INDEX,"NAME","DESC",PAGE_NAME,PAGE_URL) VALUES(1,'admin',SYSDATE,'admin',SYSDATE,31,3,1,'进入网站','进入网站总的UV','IUNI官网','www.iuni.com');
INSERT INTO GIONEE_DRS.IUNI_DA_CHAIN_STEP(TYPE_ID,CREATE_BY,CREATE_DATE,UPDATE_BY,UPDATE_DATE,"ID",CHAIN_ID,STEP_INDEX,"NAME","DESC",PAGE_NAME,PAGE_URL) VALUES(1,'admin',SYSDATE,'admin',SYSDATE,32,3,1,'进入网站','进入网站总的UV','登录、注册页面','passport.iuni.com');
INSERT INTO GIONEE_DRS.IUNI_DA_CHAIN_STEP(TYPE_ID,CREATE_BY,CREATE_DATE,UPDATE_BY,UPDATE_DATE,"ID",CHAIN_ID,STEP_INDEX,"NAME","DESC",PAGE_NAME,PAGE_URL) VALUES(1,'admin',SYSDATE,'admin',SYSDATE,33,3,2,'进入活动页','活动页UV','U3详情页','http://www.iuni.com/special/2014/0826U3/u3_1.shtml');
INSERT INTO GIONEE_DRS.IUNI_DA_CHAIN_STEP(TYPE_ID,CREATE_BY,CREATE_DATE,UPDATE_BY,UPDATE_DATE,"ID",CHAIN_ID,STEP_INDEX,"NAME","DESC",PAGE_NAME,PAGE_URL) VALUES(1,'admin',SYSDATE,'admin',SYSDATE,34,3,2,'进入活动页','活动页UV','U3详情页','http://www.iuni.com/special/2014/0826U3/u3_2.shtml');
INSERT INTO GIONEE_DRS.IUNI_DA_CHAIN_STEP(TYPE_ID,CREATE_BY,CREATE_DATE,UPDATE_BY,UPDATE_DATE,"ID",CHAIN_ID,STEP_INDEX,"NAME","DESC",PAGE_NAME,PAGE_URL) VALUES(1,'admin',SYSDATE,'admin',SYSDATE,35,3,2,'进入活动页','活动页UV','U3详情页','http://www.iuni.com/special/2014/0826U3/u3_3.shtml');
INSERT INTO GIONEE_DRS.IUNI_DA_CHAIN_STEP(TYPE_ID,CREATE_BY,CREATE_DATE,UPDATE_BY,UPDATE_DATE,"ID",CHAIN_ID,STEP_INDEX,"NAME","DESC",PAGE_NAME,PAGE_URL) VALUES(1,'admin',SYSDATE,'admin',SYSDATE,36,3,2,'进入活动页','活动页UV','U3详情页','http://www.iuni.com/special/2014/0826U3/u3_4.shtml');
INSERT INTO GIONEE_DRS.IUNI_DA_CHAIN_STEP(TYPE_ID,CREATE_BY,CREATE_DATE,UPDATE_BY,UPDATE_DATE,"ID",CHAIN_ID,STEP_INDEX,"NAME","DESC",PAGE_NAME,PAGE_URL) VALUES(1,'admin',SYSDATE,'admin',SYSDATE,37,3,2,'进入活动页','活动页UV','U3详情页','http://www.iuni.com/special/2014/0826U3/u3_5.shtml');
INSERT INTO GIONEE_DRS.IUNI_DA_CHAIN_STEP(TYPE_ID,CREATE_BY,CREATE_DATE,UPDATE_BY,UPDATE_DATE,"ID",CHAIN_ID,STEP_INDEX,"NAME","DESC",PAGE_NAME,PAGE_URL) VALUES(1,'admin',SYSDATE,'admin',SYSDATE,38,3,2,'进入活动页','活动页UV','U3详情页','http://www.iuni.com/special/2014/0826U3/u3_6.shtml');
INSERT INTO GIONEE_DRS.IUNI_DA_CHAIN_STEP(TYPE_ID,CREATE_BY,CREATE_DATE,UPDATE_BY,UPDATE_DATE,"ID",CHAIN_ID,STEP_INDEX,"NAME","DESC",PAGE_NAME,PAGE_URL) VALUES(1,'admin',SYSDATE,'admin',SYSDATE,39,3,2,'进入活动页','活动页UV','U3详情页','http://www.iuni.com/special/2014/0826U3/u3_7.shtml');
INSERT INTO GIONEE_DRS.IUNI_DA_CHAIN_STEP(TYPE_ID,CREATE_BY,CREATE_DATE,UPDATE_BY,UPDATE_DATE,"ID",CHAIN_ID,STEP_INDEX,"NAME","DESC",PAGE_NAME,PAGE_URL) VALUES(1,'admin',SYSDATE,'admin',SYSDATE,40,3,2,'进入活动页','活动页UV','U3详情页','http://www.iuni.com/special/2014/0826U3/u3_8.shtml');
INSERT INTO GIONEE_DRS.IUNI_DA_CHAIN_STEP(TYPE_ID,CREATE_BY,CREATE_DATE,UPDATE_BY,UPDATE_DATE,"ID",CHAIN_ID,STEP_INDEX,"NAME","DESC",PAGE_NAME,PAGE_URL) VALUES(1,'admin',SYSDATE,'admin',SYSDATE,41,3,3,'选择产品','选择产品页UV','U3选择手机页','http://www.iuni.com/goods/135');
INSERT INTO GIONEE_DRS.IUNI_DA_CHAIN_STEP(TYPE_ID,CREATE_BY,CREATE_DATE,UPDATE_BY,UPDATE_DATE,"ID",CHAIN_ID,STEP_INDEX,"NAME","DESC",PAGE_NAME,PAGE_URL) VALUES(1,'admin',SYSDATE,'admin',SYSDATE,42,3,3,'选择产品','选择产品页UV','U3选择手机页','http://www.iuni.com/goods/136');
INSERT INTO GIONEE_DRS.IUNI_DA_CHAIN_STEP(TYPE_ID,CREATE_BY,CREATE_DATE,UPDATE_BY,UPDATE_DATE,"ID",CHAIN_ID,STEP_INDEX,"NAME","DESC",PAGE_NAME,PAGE_URL) VALUES(1,'admin',SYSDATE,'admin',SYSDATE,43,3,3,'选择产品','选择产品页UV','U3选择手机页','http://www.iuni.com/goods/138');
INSERT INTO GIONEE_DRS.IUNI_DA_CHAIN_STEP(TYPE_ID,CREATE_BY,CREATE_DATE,UPDATE_BY,UPDATE_DATE,"ID",CHAIN_ID,STEP_INDEX,"NAME","DESC",RTAG_ID) VALUES(2,'admin',SYSDATE,'admin',SYSDATE,44,3,4,'登记到货通知','点击选择产品页点击“到货通知”人数',10);
INSERT INTO GIONEE_DRS.IUNI_DA_CHAIN_STEP(TYPE_ID,CREATE_BY,CREATE_DATE,UPDATE_BY,UPDATE_DATE,"ID",CHAIN_ID,STEP_INDEX,"NAME","DESC",RTAG_ID) VALUES(2,'admin',SYSDATE,'admin',SYSDATE,45,3,4,'登记到货通知','点击选择产品页点击“到货通知”人数',10);
INSERT INTO GIONEE_DRS.IUNI_DA_CHAIN_STEP(TYPE_ID,CREATE_BY,CREATE_DATE,UPDATE_BY,UPDATE_DATE,"ID",CHAIN_ID,STEP_INDEX,"NAME","DESC",RTAG_ID) VALUES(2,'admin',SYSDATE,'admin',SYSDATE,46,3,4,'登记到货通知','点击选择产品页点击“到货通知”人数',10);
INSERT INTO GIONEE_DRS.IUNI_DA_CHAIN_STEP(TYPE_ID,CREATE_BY,CREATE_DATE,UPDATE_BY,UPDATE_DATE,"ID",CHAIN_ID,STEP_INDEX,"NAME","DESC",RTAG_ID) VALUES(2,'admin',SYSDATE,'admin',SYSDATE,47,3,5,'登记成功','点击到货通知弹框中“确定”的次数',11);
INSERT INTO GIONEE_DRS.IUNI_DA_CHAIN_STEP(TYPE_ID,CREATE_BY,CREATE_DATE,UPDATE_BY,UPDATE_DATE,"ID",CHAIN_ID,STEP_INDEX,"NAME","DESC",RTAG_ID) VALUES(2,'admin',SYSDATE,'admin',SYSDATE,48,3,5,'登记成功','点击到货通知弹框中“确定”的次数',11);
INSERT INTO GIONEE_DRS.IUNI_DA_CHAIN_STEP(TYPE_ID,CREATE_BY,CREATE_DATE,UPDATE_BY,UPDATE_DATE,"ID",CHAIN_ID,STEP_INDEX,"NAME","DESC",RTAG_ID) VALUES(2,'admin',SYSDATE,'admin',SYSDATE,49,3,5,'登记成功','点击到货通知弹框中“确定”的次数',11);
COMMIT;

-- IUNI_DA_FLOW_SOURCE_TYPE
DELETE FROM GIONEE_DRS.IUNI_DA_FLOW_SOURCE_TYPE;
INSERT INTO GIONEE_DRS.IUNI_DA_FLOW_SOURCE_TYPE (ID, NAME, "DESC", STATUS, CANCEL_FLAG,  CREATE_BY, CREATE_DATE, UPDATE_BY, UPDATE_DATE) VALUES (1, '搜索引擎', '搜索引擎' , 1, 0, 'admin', SYSDATE, 'admin', SYSDATE);
INSERT INTO GIONEE_DRS.IUNI_DA_FLOW_SOURCE_TYPE (ID, NAME, "DESC", STATUS, CANCEL_FLAG,  CREATE_BY, CREATE_DATE, UPDATE_BY, UPDATE_DATE) VALUES (2, '外部链接', '外部链接' , 1, 0, 'admin', SYSDATE, 'admin', SYSDATE);
INSERT INTO GIONEE_DRS.IUNI_DA_FLOW_SOURCE_TYPE (ID, NAME, "DESC", STATUS, CANCEL_FLAG,  CREATE_BY, CREATE_DATE, UPDATE_BY, UPDATE_DATE) VALUES (3, '站内来源', '站内来源' , 1, 0, 'admin', SYSDATE, 'admin', SYSDATE);
COMMIT;

-- IUNI_DA_FLOW_SOURCE
DELETE FROM GIONEE_DRS.IUNI_DA_FLOW_SOURCE;
INSERT INTO GIONEE_DRS.IUNI_DA_FLOW_SOURCE(ID, TYPE_ID, NAME, URL, "DESC", STATUS, CANCEL_FLAG, CREATE_BY, CREATE_DATE, UPDATE_BY, UPDATE_DATE) VALUES('1', '1','360搜索','www.so.com', '360搜索', 1, 0, 'admin', SYSDATE, 'admin', SYSDATE);
INSERT INTO GIONEE_DRS.IUNI_DA_FLOW_SOURCE(ID, TYPE_ID, NAME, URL, "DESC", STATUS, CANCEL_FLAG, CREATE_BY, CREATE_DATE, UPDATE_BY, UPDATE_DATE) VALUES('2', '1','360搜索','so.360.cn','360搜索', 1, 0, 'admin', SYSDATE, 'admin', SYSDATE);
INSERT INTO GIONEE_DRS.IUNI_DA_FLOW_SOURCE(ID, TYPE_ID, NAME, URL, "DESC", STATUS, CANCEL_FLAG, CREATE_BY, CREATE_DATE, UPDATE_BY, UPDATE_DATE) VALUES('3', '1','360搜索','news.so.com','360搜索', 1, 0, 'admin', SYSDATE, 'admin', SYSDATE);
INSERT INTO GIONEE_DRS.IUNI_DA_FLOW_SOURCE(ID, TYPE_ID, NAME, URL, "DESC", STATUS, CANCEL_FLAG, CREATE_BY, CREATE_DATE, UPDATE_BY, UPDATE_DATE) VALUES('4', '1','360搜索','wap.soso.com','360搜索', 1, 0, 'admin', SYSDATE, 'admin', SYSDATE);
INSERT INTO GIONEE_DRS.IUNI_DA_FLOW_SOURCE(ID, TYPE_ID, NAME, URL, "DESC", STATUS, CANCEL_FLAG, CREATE_BY, CREATE_DATE, UPDATE_BY, UPDATE_DATE) VALUES('5', '1','360搜索','www.soso.com','360搜索', 1, 0, 'admin', SYSDATE, 'admin', SYSDATE);
INSERT INTO GIONEE_DRS.IUNI_DA_FLOW_SOURCE(ID, TYPE_ID, NAME, URL, "DESC", STATUS, CANCEL_FLAG, CREATE_BY, CREATE_DATE, UPDATE_BY, UPDATE_DATE) VALUES('6', '1','360搜索','j.www.so.com','360搜索', 1, 0, 'admin', SYSDATE, 'admin', SYSDATE);
INSERT INTO GIONEE_DRS.IUNI_DA_FLOW_SOURCE(ID, TYPE_ID, NAME, URL, "DESC", STATUS, CANCEL_FLAG, CREATE_BY, CREATE_DATE, UPDATE_BY, UPDATE_DATE) VALUES('7', '1','360搜索','ds.www.so.com','360搜索', 1, 0, 'admin', SYSDATE, 'admin', SYSDATE);
INSERT INTO GIONEE_DRS.IUNI_DA_FLOW_SOURCE(ID, TYPE_ID, NAME, URL, "DESC", STATUS, CANCEL_FLAG, CREATE_BY, CREATE_DATE, UPDATE_BY, UPDATE_DATE) VALUES('8', '1','360搜索','m.news.so.com','360搜索', 1, 0, 'admin', SYSDATE, 'admin', SYSDATE);
INSERT INTO GIONEE_DRS.IUNI_DA_FLOW_SOURCE(ID, TYPE_ID, NAME, URL, "DESC", STATUS, CANCEL_FLAG, CREATE_BY, CREATE_DATE, UPDATE_BY, UPDATE_DATE) VALUES('9', '1','360搜索','news.so.360.cn','360搜索', 1, 0, 'admin', SYSDATE, 'admin', SYSDATE);
INSERT INTO GIONEE_DRS.IUNI_DA_FLOW_SOURCE(ID, TYPE_ID, NAME, URL, "DESC", STATUS, CANCEL_FLAG, CREATE_BY, CREATE_DATE, UPDATE_BY, UPDATE_DATE) VALUES('10', '1','百度','www.baidu.com','百度', 1, 0, 'admin', SYSDATE, 'admin', SYSDATE);
INSERT INTO GIONEE_DRS.IUNI_DA_FLOW_SOURCE(ID, TYPE_ID, NAME, URL, "DESC", STATUS, CANCEL_FLAG, CREATE_BY, CREATE_DATE, UPDATE_BY, UPDATE_DATE) VALUES('11', '1','百度','m.baidu.com','百度', 1, 0, 'admin', SYSDATE, 'admin', SYSDATE);
INSERT INTO GIONEE_DRS.IUNI_DA_FLOW_SOURCE(ID, TYPE_ID, NAME, URL, "DESC", STATUS, CANCEL_FLAG, CREATE_BY, CREATE_DATE, UPDATE_BY, UPDATE_DATE) VALUES('12', '1','百度','tieba.baidu.com', '百度', 1, 0, 'admin', SYSDATE, 'admin', SYSDATE);
INSERT INTO GIONEE_DRS.IUNI_DA_FLOW_SOURCE(ID, TYPE_ID, NAME, URL, "DESC", STATUS, CANCEL_FLAG, CREATE_BY, CREATE_DATE, UPDATE_BY, UPDATE_DATE) VALUES('13', '1','百度','wap.baidu.com','百度', 1, 0, 'admin', SYSDATE, 'admin', SYSDATE);
INSERT INTO GIONEE_DRS.IUNI_DA_FLOW_SOURCE(ID, TYPE_ID, NAME, URL, "DESC", STATUS, CANCEL_FLAG, CREATE_BY, CREATE_DATE, UPDATE_BY, UPDATE_DATE) VALUES('14', '1','百度','zhidao.baidu.com','百度', 1, 0, 'admin', SYSDATE, 'admin', SYSDATE);
INSERT INTO GIONEE_DRS.IUNI_DA_FLOW_SOURCE(ID, TYPE_ID, NAME, URL, "DESC", STATUS, CANCEL_FLAG, CREATE_BY, CREATE_DATE, UPDATE_BY, UPDATE_DATE) VALUES('15', '1','百度','c.tieba.baidu.com', '百度', 1, 0, 'admin', SYSDATE, 'admin', SYSDATE);
INSERT INTO GIONEE_DRS.IUNI_DA_FLOW_SOURCE(ID, TYPE_ID, NAME, URL, "DESC", STATUS, CANCEL_FLAG, CREATE_BY, CREATE_DATE, UPDATE_BY, UPDATE_DATE) VALUES('16', '1','百度','click.hm.baidu.com','百度', 1, 0, 'admin', SYSDATE, 'admin', SYSDATE);
INSERT INTO GIONEE_DRS.IUNI_DA_FLOW_SOURCE(ID, TYPE_ID, NAME, URL, "DESC", STATUS, CANCEL_FLAG, CREATE_BY, CREATE_DATE, UPDATE_BY, UPDATE_DATE) VALUES('17', '1','百度','3g.baidu.com','百度', 1, 0, 'admin', SYSDATE, 'admin', SYSDATE);
INSERT INTO GIONEE_DRS.IUNI_DA_FLOW_SOURCE(ID, TYPE_ID, NAME, URL, "DESC", STATUS, CANCEL_FLAG, CREATE_BY, CREATE_DATE, UPDATE_BY, UPDATE_DATE) VALUES('18', '1','百度','image.baidu.com', '百度', 1, 0, 'admin', SYSDATE, 'admin', SYSDATE);
INSERT INTO GIONEE_DRS.IUNI_DA_FLOW_SOURCE(ID, TYPE_ID, NAME, URL, "DESC", STATUS, CANCEL_FLAG, CREATE_BY, CREATE_DATE, UPDATE_BY, UPDATE_DATE) VALUES('19', '1','百度','www.baidu.com.','百度', 1, 0, 'admin', SYSDATE, 'admin', SYSDATE);
INSERT INTO GIONEE_DRS.IUNI_DA_FLOW_SOURCE(ID, TYPE_ID, NAME, URL, "DESC", STATUS, CANCEL_FLAG, CREATE_BY, CREATE_DATE, UPDATE_BY, UPDATE_DATE) VALUES('20', '1','百度','v.baidu.com','百度', 1, 0, 'admin', SYSDATE, 'admin', SYSDATE);
INSERT INTO GIONEE_DRS.IUNI_DA_FLOW_SOURCE(ID, TYPE_ID, NAME, URL, "DESC", STATUS, CANCEL_FLAG, CREATE_BY, CREATE_DATE, UPDATE_BY, UPDATE_DATE) VALUES('21', '1','百度','wapiknow.baidu.com','百度', 1, 0, 'admin', SYSDATE, 'admin', SYSDATE);
INSERT INTO GIONEE_DRS.IUNI_DA_FLOW_SOURCE(ID, TYPE_ID, NAME, URL, "DESC", STATUS, CANCEL_FLAG, CREATE_BY, CREATE_DATE, UPDATE_BY, UPDATE_DATE) VALUES('22', '1','百度','xbox.m.baidu.com','百度', 1, 0, 'admin', SYSDATE, 'admin', SYSDATE);
INSERT INTO GIONEE_DRS.IUNI_DA_FLOW_SOURCE(ID, TYPE_ID, NAME, URL, "DESC", STATUS, CANCEL_FLAG, CREATE_BY, CREATE_DATE, UPDATE_BY, UPDATE_DATE) VALUES('23', '1','百度','imis.tieba.baidu.com','百度', 1, 0, 'admin', SYSDATE, 'admin', SYSDATE);
INSERT INTO GIONEE_DRS.IUNI_DA_FLOW_SOURCE(ID, TYPE_ID, NAME, URL, "DESC", STATUS, CANCEL_FLAG, CREATE_BY, CREATE_DATE, UPDATE_BY, UPDATE_DATE) VALUES('24', '1','百度','video.baidu.com', '百度', 1, 0, 'admin', SYSDATE, 'admin', SYSDATE);
INSERT INTO GIONEE_DRS.IUNI_DA_FLOW_SOURCE(ID, TYPE_ID, NAME, URL, "DESC", STATUS, CANCEL_FLAG, CREATE_BY, CREATE_DATE, UPDATE_BY, UPDATE_DATE) VALUES('25', '1','百度','news.baidu.com','百度', 1, 0, 'admin', SYSDATE, 'admin', SYSDATE);
INSERT INTO GIONEE_DRS.IUNI_DA_FLOW_SOURCE(ID, TYPE_ID, NAME, URL, "DESC", STATUS, CANCEL_FLAG, CREATE_BY, CREATE_DATE, UPDATE_BY, UPDATE_DATE) VALUES('26', '1','百度','adm.baidu.com','百度', 1, 0, 'admin', SYSDATE, 'admin', SYSDATE);
INSERT INTO GIONEE_DRS.IUNI_DA_FLOW_SOURCE(ID, TYPE_ID, NAME, URL, "DESC", STATUS, CANCEL_FLAG, CREATE_BY, CREATE_DATE, UPDATE_BY, UPDATE_DATE) VALUES('27', '1','必应','cn.bing.com','必应', 1, 0, 'admin', SYSDATE, 'admin', SYSDATE);
INSERT INTO GIONEE_DRS.IUNI_DA_FLOW_SOURCE(ID, TYPE_ID, NAME, URL, "DESC", STATUS, CANCEL_FLAG, CREATE_BY, CREATE_DATE, UPDATE_BY, UPDATE_DATE) VALUES('28', '1','必应','www.bing.com','必应', 1, 0, 'admin', SYSDATE, 'admin', SYSDATE);
INSERT INTO GIONEE_DRS.IUNI_DA_FLOW_SOURCE(ID, TYPE_ID, NAME, URL, "DESC", STATUS, CANCEL_FLAG, CREATE_BY, CREATE_DATE, UPDATE_BY, UPDATE_DATE) VALUES('29', '1','必应','global.bing.com', '必应', 1, 0, 'admin', SYSDATE, 'admin', SYSDATE);
INSERT INTO GIONEE_DRS.IUNI_DA_FLOW_SOURCE(ID, TYPE_ID, NAME, URL, "DESC", STATUS, CANCEL_FLAG, CREATE_BY, CREATE_DATE, UPDATE_BY, UPDATE_DATE) VALUES('30', '1','谷歌','www.google.com.hk', '谷歌', 1, 0, 'admin', SYSDATE, 'admin', SYSDATE);
INSERT INTO GIONEE_DRS.IUNI_DA_FLOW_SOURCE(ID, TYPE_ID, NAME, URL, "DESC", STATUS, CANCEL_FLAG, CREATE_BY, CREATE_DATE, UPDATE_BY, UPDATE_DATE) VALUES('31', '1','谷歌','www.google.com','谷歌', 1, 0, 'admin', SYSDATE, 'admin', SYSDATE);
INSERT INTO GIONEE_DRS.IUNI_DA_FLOW_SOURCE(ID, TYPE_ID, NAME, URL, "DESC", STATUS, CANCEL_FLAG, CREATE_BY, CREATE_DATE, UPDATE_BY, UPDATE_DATE) VALUES('32', '1','谷歌','www.google.com.tw', '谷歌', 1, 0, 'admin', SYSDATE, 'admin', SYSDATE);
INSERT INTO GIONEE_DRS.IUNI_DA_FLOW_SOURCE(ID, TYPE_ID, NAME, URL, "DESC", STATUS, CANCEL_FLAG, CREATE_BY, CREATE_DATE, UPDATE_BY, UPDATE_DATE) VALUES('33', '1','谷歌','www.google.co.in','谷歌', 1, 0, 'admin', SYSDATE, 'admin', SYSDATE);
INSERT INTO GIONEE_DRS.IUNI_DA_FLOW_SOURCE(ID, TYPE_ID, NAME, URL, "DESC", STATUS, CANCEL_FLAG, CREATE_BY, CREATE_DATE, UPDATE_BY, UPDATE_DATE) VALUES('34', '1','谷歌','www.google.it','谷歌', 1, 0, 'admin', SYSDATE, 'admin', SYSDATE);
INSERT INTO GIONEE_DRS.IUNI_DA_FLOW_SOURCE(ID, TYPE_ID, NAME, URL, "DESC", STATUS, CANCEL_FLAG, CREATE_BY, CREATE_DATE, UPDATE_BY, UPDATE_DATE) VALUES('35', '1','谷歌','www.google.fr','谷歌', 1, 0, 'admin', SYSDATE, 'admin', SYSDATE);
INSERT INTO GIONEE_DRS.IUNI_DA_FLOW_SOURCE(ID, TYPE_ID, NAME, URL, "DESC", STATUS, CANCEL_FLAG, CREATE_BY, CREATE_DATE, UPDATE_BY, UPDATE_DATE) VALUES('36', '1','谷歌','www.google.com.my', '谷歌', 1, 0, 'admin', SYSDATE, 'admin', SYSDATE);
INSERT INTO GIONEE_DRS.IUNI_DA_FLOW_SOURCE(ID, TYPE_ID, NAME, URL, "DESC", STATUS, CANCEL_FLAG, CREATE_BY, CREATE_DATE, UPDATE_BY, UPDATE_DATE) VALUES('37', '1','谷歌','www.google.com.sg', '谷歌', 1, 0, 'admin', SYSDATE, 'admin', SYSDATE);
INSERT INTO GIONEE_DRS.IUNI_DA_FLOW_SOURCE(ID, TYPE_ID, NAME, URL, "DESC", STATUS, CANCEL_FLAG, CREATE_BY, CREATE_DATE, UPDATE_BY, UPDATE_DATE) VALUES('38', '1','谷歌','www.google.es','谷歌', 1, 0, 'admin', SYSDATE, 'admin', SYSDATE);
INSERT INTO GIONEE_DRS.IUNI_DA_FLOW_SOURCE(ID, TYPE_ID, NAME, URL, "DESC", STATUS, CANCEL_FLAG, CREATE_BY, CREATE_DATE, UPDATE_BY, UPDATE_DATE) VALUES('39', '1','谷歌','www.google.ca','谷歌', 1, 0, 'admin', SYSDATE, 'admin', SYSDATE);
INSERT INTO GIONEE_DRS.IUNI_DA_FLOW_SOURCE(ID, TYPE_ID, NAME, URL, "DESC", STATUS, CANCEL_FLAG, CREATE_BY, CREATE_DATE, UPDATE_BY, UPDATE_DATE) VALUES('40', '1','谷歌','www.google.co.uk','谷歌', 1, 0, 'admin', SYSDATE, 'admin', SYSDATE);
INSERT INTO GIONEE_DRS.IUNI_DA_FLOW_SOURCE(ID, TYPE_ID, NAME, URL, "DESC", STATUS, CANCEL_FLAG, CREATE_BY, CREATE_DATE, UPDATE_BY, UPDATE_DATE) VALUES('41', '1','谷歌','www.google.de','谷歌', 1, 0, 'admin', SYSDATE, 'admin', SYSDATE);
INSERT INTO GIONEE_DRS.IUNI_DA_FLOW_SOURCE(ID, TYPE_ID, NAME, URL, "DESC", STATUS, CANCEL_FLAG, CREATE_BY, CREATE_DATE, UPDATE_BY, UPDATE_DATE) VALUES('42', '1','谷歌','www.google.ru','谷歌', 1, 0, 'admin', SYSDATE, 'admin', SYSDATE);
INSERT INTO GIONEE_DRS.IUNI_DA_FLOW_SOURCE(ID, TYPE_ID, NAME, URL, "DESC", STATUS, CANCEL_FLAG, CREATE_BY, CREATE_DATE, UPDATE_BY, UPDATE_DATE) VALUES('43', '1','谷歌','www.google.com.au', '谷歌', 1, 0, 'admin', SYSDATE, 'admin', SYSDATE);
INSERT INTO GIONEE_DRS.IUNI_DA_FLOW_SOURCE(ID, TYPE_ID, NAME, URL, "DESC", STATUS, CANCEL_FLAG, CREATE_BY, CREATE_DATE, UPDATE_BY, UPDATE_DATE) VALUES('44', '1','谷歌','www.google.co.jp','谷歌', 1, 0, 'admin', SYSDATE, 'admin', SYSDATE);
INSERT INTO GIONEE_DRS.IUNI_DA_FLOW_SOURCE(ID, TYPE_ID, NAME, URL, "DESC", STATUS, CANCEL_FLAG, CREATE_BY, CREATE_DATE, UPDATE_BY, UPDATE_DATE) VALUES('45', '1','谷歌','www.google.com.tr', '谷歌', 1, 0, 'admin', SYSDATE, 'admin', SYSDATE);
INSERT INTO GIONEE_DRS.IUNI_DA_FLOW_SOURCE(ID, TYPE_ID, NAME, URL, "DESC", STATUS, CANCEL_FLAG, CREATE_BY, CREATE_DATE, UPDATE_BY, UPDATE_DATE) VALUES('46', '1','谷歌','www.google.gr','谷歌', 1, 0, 'admin', SYSDATE, 'admin', SYSDATE);
INSERT INTO GIONEE_DRS.IUNI_DA_FLOW_SOURCE(ID, TYPE_ID, NAME, URL, "DESC", STATUS, CANCEL_FLAG, CREATE_BY, CREATE_DATE, UPDATE_BY, UPDATE_DATE) VALUES('47', '1','谷歌','www.google.nl','谷歌', 1, 0, 'admin', SYSDATE, 'admin', SYSDATE);
INSERT INTO GIONEE_DRS.IUNI_DA_FLOW_SOURCE(ID, TYPE_ID, NAME, URL, "DESC", STATUS, CANCEL_FLAG, CREATE_BY, CREATE_DATE, UPDATE_BY, UPDATE_DATE) VALUES('48', '1','谷歌','www.google.co.id','谷歌', 1, 0, 'admin', SYSDATE, 'admin', SYSDATE);
INSERT INTO GIONEE_DRS.IUNI_DA_FLOW_SOURCE(ID, TYPE_ID, NAME, URL, "DESC", STATUS, CANCEL_FLAG, CREATE_BY, CREATE_DATE, UPDATE_BY, UPDATE_DATE) VALUES('49', '1','谷歌','www.google.co.th','谷歌', 1, 0, 'admin', SYSDATE, 'admin', SYSDATE);
INSERT INTO GIONEE_DRS.IUNI_DA_FLOW_SOURCE(ID, TYPE_ID, NAME, URL, "DESC", STATUS, CANCEL_FLAG, CREATE_BY, CREATE_DATE, UPDATE_BY, UPDATE_DATE) VALUES('50', '1','谷歌','www.google.pl','谷歌', 1, 0, 'admin', SYSDATE, 'admin', SYSDATE);
INSERT INTO GIONEE_DRS.IUNI_DA_FLOW_SOURCE(ID, TYPE_ID, NAME, URL, "DESC", STATUS, CANCEL_FLAG, CREATE_BY, CREATE_DATE, UPDATE_BY, UPDATE_DATE) VALUES('51', '1','谷歌','www.google.com.ua', '谷歌', 1, 0, 'admin', SYSDATE, 'admin', SYSDATE);
INSERT INTO GIONEE_DRS.IUNI_DA_FLOW_SOURCE(ID, TYPE_ID, NAME, URL, "DESC", STATUS, CANCEL_FLAG, CREATE_BY, CREATE_DATE, UPDATE_BY, UPDATE_DATE) VALUES('52', '1','谷歌','www.google.co.il','谷歌', 1, 0, 'admin', SYSDATE, 'admin', SYSDATE);
INSERT INTO GIONEE_DRS.IUNI_DA_FLOW_SOURCE(ID, TYPE_ID, NAME, URL, "DESC", STATUS, CANCEL_FLAG, CREATE_BY, CREATE_DATE, UPDATE_BY, UPDATE_DATE) VALUES('53', '1','谷歌','www.google.pt','谷歌', 1, 0, 'admin', SYSDATE, 'admin', SYSDATE);
INSERT INTO GIONEE_DRS.IUNI_DA_FLOW_SOURCE(ID, TYPE_ID, NAME, URL, "DESC", STATUS, CANCEL_FLAG, CREATE_BY, CREATE_DATE, UPDATE_BY, UPDATE_DATE) VALUES('54', '1','谷歌','www.google.com.vn', '谷歌', 1, 0, 'admin', SYSDATE, 'admin', SYSDATE);
INSERT INTO GIONEE_DRS.IUNI_DA_FLOW_SOURCE(ID, TYPE_ID, NAME, URL, "DESC", STATUS, CANCEL_FLAG, CREATE_BY, CREATE_DATE, UPDATE_BY, UPDATE_DATE) VALUES('55', '1','谷歌','www.google.cz','谷歌', 1, 0, 'admin', SYSDATE, 'admin', SYSDATE);
INSERT INTO GIONEE_DRS.IUNI_DA_FLOW_SOURCE(ID, TYPE_ID, NAME, URL, "DESC", STATUS, CANCEL_FLAG, CREATE_BY, CREATE_DATE, UPDATE_BY, UPDATE_DATE) VALUES('56', '1','谷歌','www.google.be','谷歌', 1, 0, 'admin', SYSDATE, 'admin', SYSDATE);
INSERT INTO GIONEE_DRS.IUNI_DA_FLOW_SOURCE(ID, TYPE_ID, NAME, URL, "DESC", STATUS, CANCEL_FLAG, CREATE_BY, CREATE_DATE, UPDATE_BY, UPDATE_DATE) VALUES('57', '1','谷歌','www.google.sk','谷歌', 1, 0, 'admin', SYSDATE, 'admin', SYSDATE);
INSERT INTO GIONEE_DRS.IUNI_DA_FLOW_SOURCE(ID, TYPE_ID, NAME, URL, "DESC", STATUS, CANCEL_FLAG, CREATE_BY, CREATE_DATE, UPDATE_BY, UPDATE_DATE) VALUES('58', '1','谷歌','www.google.ro','谷歌', 1, 0, 'admin', SYSDATE, 'admin', SYSDATE);
INSERT INTO GIONEE_DRS.IUNI_DA_FLOW_SOURCE(ID, TYPE_ID, NAME, URL, "DESC", STATUS, CANCEL_FLAG, CREATE_BY, CREATE_DATE, UPDATE_BY, UPDATE_DATE) VALUES('59', '1','谷歌','www.google.co.kr','谷歌', 1, 0, 'admin', SYSDATE, 'admin', SYSDATE);
INSERT INTO GIONEE_DRS.IUNI_DA_FLOW_SOURCE(ID, TYPE_ID, NAME, URL, "DESC", STATUS, CANCEL_FLAG, CREATE_BY, CREATE_DATE, UPDATE_BY, UPDATE_DATE) VALUES('60', '1','谷歌','www.google.com.mx', '谷歌', 1, 0, 'admin', SYSDATE, 'admin', SYSDATE);
INSERT INTO GIONEE_DRS.IUNI_DA_FLOW_SOURCE(ID, TYPE_ID, NAME, URL, "DESC", STATUS, CANCEL_FLAG, CREATE_BY, CREATE_DATE, UPDATE_BY, UPDATE_DATE) VALUES('61', '1','谷歌','www.google.co.nz','谷歌', 1, 0, 'admin', SYSDATE, 'admin', SYSDATE);
INSERT INTO GIONEE_DRS.IUNI_DA_FLOW_SOURCE(ID, TYPE_ID, NAME, URL, "DESC", STATUS, CANCEL_FLAG, CREATE_BY, CREATE_DATE, UPDATE_BY, UPDATE_DATE) VALUES('62', '1','谷歌','www.google.com.pk', '谷歌', 1, 0, 'admin', SYSDATE, 'admin', SYSDATE);
INSERT INTO GIONEE_DRS.IUNI_DA_FLOW_SOURCE(ID, TYPE_ID, NAME, URL, "DESC", STATUS, CANCEL_FLAG, CREATE_BY, CREATE_DATE, UPDATE_BY, UPDATE_DATE) VALUES('63', '1','谷歌','www.google.com.br', '谷歌', 1, 0, 'admin', SYSDATE, 'admin', SYSDATE);
INSERT INTO GIONEE_DRS.IUNI_DA_FLOW_SOURCE(ID, TYPE_ID, NAME, URL, "DESC", STATUS, CANCEL_FLAG, CREATE_BY, CREATE_DATE, UPDATE_BY, UPDATE_DATE) VALUES('64', '1','谷歌','www.google.bg','谷歌', 1, 0, 'admin', SYSDATE, 'admin', SYSDATE);
INSERT INTO GIONEE_DRS.IUNI_DA_FLOW_SOURCE(ID, TYPE_ID, NAME, URL, "DESC", STATUS, CANCEL_FLAG, CREATE_BY, CREATE_DATE, UPDATE_BY, UPDATE_DATE) VALUES('65', '1','谷歌','www.google.ie','谷歌', 1, 0, 'admin', SYSDATE, 'admin', SYSDATE);
INSERT INTO GIONEE_DRS.IUNI_DA_FLOW_SOURCE(ID, TYPE_ID, NAME, URL, "DESC", STATUS, CANCEL_FLAG, CREATE_BY, CREATE_DATE, UPDATE_BY, UPDATE_DATE) VALUES('66', '1','谷歌','www.google.com.ph', '谷歌', 1, 0, 'admin', SYSDATE, 'admin', SYSDATE);
INSERT INTO GIONEE_DRS.IUNI_DA_FLOW_SOURCE(ID, TYPE_ID, NAME, URL, "DESC", STATUS, CANCEL_FLAG, CREATE_BY, CREATE_DATE, UPDATE_BY, UPDATE_DATE) VALUES('67', '1','谷歌','www.google.se','谷歌', 1, 0, 'admin', SYSDATE, 'admin', SYSDATE);
INSERT INTO GIONEE_DRS.IUNI_DA_FLOW_SOURCE(ID, TYPE_ID, NAME, URL, "DESC", STATUS, CANCEL_FLAG, CREATE_BY, CREATE_DATE, UPDATE_BY, UPDATE_DATE) VALUES('68', '1','谷歌','www.google.hu','谷歌', 1, 0, 'admin', SYSDATE, 'admin', SYSDATE);
INSERT INTO GIONEE_DRS.IUNI_DA_FLOW_SOURCE(ID, TYPE_ID, NAME, URL, "DESC", STATUS, CANCEL_FLAG, CREATE_BY, CREATE_DATE, UPDATE_BY, UPDATE_DATE) VALUES('69', '1','谷歌','www.google.ch','谷歌', 1, 0, 'admin', SYSDATE, 'admin', SYSDATE);
INSERT INTO GIONEE_DRS.IUNI_DA_FLOW_SOURCE(ID, TYPE_ID, NAME, URL, "DESC", STATUS, CANCEL_FLAG, CREATE_BY, CREATE_DATE, UPDATE_BY, UPDATE_DATE) VALUES('70', '1','谷歌','www.google.dk','谷歌', 1, 0, 'admin', SYSDATE, 'admin', SYSDATE);
INSERT INTO GIONEE_DRS.IUNI_DA_FLOW_SOURCE(ID, TYPE_ID, NAME, URL, "DESC", STATUS, CANCEL_FLAG, CREATE_BY, CREATE_DATE, UPDATE_BY, UPDATE_DATE) VALUES('71', '1','谷歌','www.google.hr','谷歌', 1, 0, 'admin', SYSDATE, 'admin', SYSDATE);
INSERT INTO GIONEE_DRS.IUNI_DA_FLOW_SOURCE(ID, TYPE_ID, NAME, URL, "DESC", STATUS, CANCEL_FLAG, CREATE_BY, CREATE_DATE, UPDATE_BY, UPDATE_DATE) VALUES('72', '1','谷歌','www.google.com.co', '谷歌', 1, 0, 'admin', SYSDATE, 'admin', SYSDATE);
INSERT INTO GIONEE_DRS.IUNI_DA_FLOW_SOURCE(ID, TYPE_ID, NAME, URL, "DESC", STATUS, CANCEL_FLAG, CREATE_BY, CREATE_DATE, UPDATE_BY, UPDATE_DATE) VALUES('73', '1','谷歌','www.google.at','谷歌', 1, 0, 'admin', SYSDATE, 'admin', SYSDATE);
INSERT INTO GIONEE_DRS.IUNI_DA_FLOW_SOURCE(ID, TYPE_ID, NAME, URL, "DESC", STATUS, CANCEL_FLAG, CREATE_BY, CREATE_DATE, UPDATE_BY, UPDATE_DATE) VALUES('74', '1','谷歌','www.google.com.sa', '谷歌', 1, 0, 'admin', SYSDATE, 'admin', SYSDATE);
INSERT INTO GIONEE_DRS.IUNI_DA_FLOW_SOURCE(ID, TYPE_ID, NAME, URL, "DESC", STATUS, CANCEL_FLAG, CREATE_BY, CREATE_DATE, UPDATE_BY, UPDATE_DATE) VALUES('75', '1','谷歌','www.google.com.bd', '谷歌', 1, 0, 'admin', SYSDATE, 'admin', SYSDATE);
INSERT INTO GIONEE_DRS.IUNI_DA_FLOW_SOURCE(ID, TYPE_ID, NAME, URL, "DESC", STATUS, CANCEL_FLAG, CREATE_BY, CREATE_DATE, UPDATE_BY, UPDATE_DATE) VALUES('76', '1','谷歌','www.google.lt','谷歌', 1, 0, 'admin', SYSDATE, 'admin', SYSDATE);
INSERT INTO GIONEE_DRS.IUNI_DA_FLOW_SOURCE(ID, TYPE_ID, NAME, URL, "DESC", STATUS, CANCEL_FLAG, CREATE_BY, CREATE_DATE, UPDATE_BY, UPDATE_DATE) VALUES('77', '1','谷歌','www.google.com.eg', '谷歌', 1, 0, 'admin', SYSDATE, 'admin', SYSDATE);
INSERT INTO GIONEE_DRS.IUNI_DA_FLOW_SOURCE(ID, TYPE_ID, NAME, URL, "DESC", STATUS, CANCEL_FLAG, CREATE_BY, CREATE_DATE, UPDATE_BY, UPDATE_DATE) VALUES('78', '1','谷歌','www.google.ae','谷歌', 1, 0, 'admin', SYSDATE, 'admin', SYSDATE);
INSERT INTO GIONEE_DRS.IUNI_DA_FLOW_SOURCE(ID, TYPE_ID, NAME, URL, "DESC", STATUS, CANCEL_FLAG, CREATE_BY, CREATE_DATE, UPDATE_BY, UPDATE_DATE) VALUES('79', '1','谷歌','www.google.com.ar', '谷歌', 1, 0, 'admin', SYSDATE, 'admin', SYSDATE);
INSERT INTO GIONEE_DRS.IUNI_DA_FLOW_SOURCE(ID, TYPE_ID, NAME, URL, "DESC", STATUS, CANCEL_FLAG, CREATE_BY, CREATE_DATE, UPDATE_BY, UPDATE_DATE) VALUES('80', '1','谷歌','www.google.rs','谷歌', 1, 0, 'admin', SYSDATE, 'admin', SYSDATE);
INSERT INTO GIONEE_DRS.IUNI_DA_FLOW_SOURCE(ID, TYPE_ID, NAME, URL, "DESC", STATUS, CANCEL_FLAG, CREATE_BY, CREATE_DATE, UPDATE_BY, UPDATE_DATE) VALUES('81', '1','谷歌','www.google.fi','谷歌', 1, 0, 'admin', SYSDATE, 'admin', SYSDATE);
INSERT INTO GIONEE_DRS.IUNI_DA_FLOW_SOURCE(ID, TYPE_ID, NAME, URL, "DESC", STATUS, CANCEL_FLAG, CREATE_BY, CREATE_DATE, UPDATE_BY, UPDATE_DATE) VALUES('82', '1','谷歌','www.google.by','谷歌', 1, 0, 'admin', SYSDATE, 'admin', SYSDATE);
INSERT INTO GIONEE_DRS.IUNI_DA_FLOW_SOURCE(ID, TYPE_ID, NAME, URL, "DESC", STATUS, CANCEL_FLAG, CREATE_BY, CREATE_DATE, UPDATE_BY, UPDATE_DATE) VALUES('83', '1','谷歌','www.google.co.ve','谷歌', 1, 0, 'admin', SYSDATE, 'admin', SYSDATE);
INSERT INTO GIONEE_DRS.IUNI_DA_FLOW_SOURCE(ID, TYPE_ID, NAME, URL, "DESC", STATUS, CANCEL_FLAG, CREATE_BY, CREATE_DATE, UPDATE_BY, UPDATE_DATE) VALUES('84', '1','谷歌','www.google.com.pe', '谷歌', 1, 0, 'admin', SYSDATE, 'admin', SYSDATE);
INSERT INTO GIONEE_DRS.IUNI_DA_FLOW_SOURCE(ID, TYPE_ID, NAME, URL, "DESC", STATUS, CANCEL_FLAG, CREATE_BY, CREATE_DATE, UPDATE_BY, UPDATE_DATE) VALUES('85', '1','谷歌','www.google.dz','谷歌', 1, 0, 'admin', SYSDATE, 'admin', SYSDATE);
INSERT INTO GIONEE_DRS.IUNI_DA_FLOW_SOURCE(ID, TYPE_ID, NAME, URL, "DESC", STATUS, CANCEL_FLAG, CREATE_BY, CREATE_DATE, UPDATE_BY, UPDATE_DATE) VALUES('86', '1','谷歌','www.google.ee','谷歌', 1, 0, 'admin', SYSDATE, 'admin', SYSDATE);
INSERT INTO GIONEE_DRS.IUNI_DA_FLOW_SOURCE(ID, TYPE_ID, NAME, URL, "DESC", STATUS, CANCEL_FLAG, CREATE_BY, CREATE_DATE, UPDATE_BY, UPDATE_DATE) VALUES('87', '1','谷歌','www.google.kz','谷歌', 1, 0, 'admin', SYSDATE, 'admin', SYSDATE);
INSERT INTO GIONEE_DRS.IUNI_DA_FLOW_SOURCE(ID, TYPE_ID, NAME, URL, "DESC", STATUS, CANCEL_FLAG, CREATE_BY, CREATE_DATE, UPDATE_BY, UPDATE_DATE) VALUES('88', '1','谷歌','www.google.az','谷歌', 1, 0, 'admin', SYSDATE, 'admin', SYSDATE);
INSERT INTO GIONEE_DRS.IUNI_DA_FLOW_SOURCE(ID, TYPE_ID, NAME, URL, "DESC", STATUS, CANCEL_FLAG, CREATE_BY, CREATE_DATE, UPDATE_BY, UPDATE_DATE) VALUES('89', '1','谷歌','www.google.si','谷歌', 1, 0, 'admin', SYSDATE, 'admin', SYSDATE);
INSERT INTO GIONEE_DRS.IUNI_DA_FLOW_SOURCE(ID, TYPE_ID, NAME, URL, "DESC", STATUS, CANCEL_FLAG, CREATE_BY, CREATE_DATE, UPDATE_BY, UPDATE_DATE) VALUES('90', '1','谷歌','www.google.cl','谷歌', 1, 0, 'admin', SYSDATE, 'admin', SYSDATE);
INSERT INTO GIONEE_DRS.IUNI_DA_FLOW_SOURCE(ID, TYPE_ID, NAME, URL, "DESC", STATUS, CANCEL_FLAG, CREATE_BY, CREATE_DATE, UPDATE_BY, UPDATE_DATE) VALUES('91', '1','谷歌','www.google.com.cy', '谷歌', 1, 0, 'admin', SYSDATE, 'admin', SYSDATE);
INSERT INTO GIONEE_DRS.IUNI_DA_FLOW_SOURCE(ID, TYPE_ID, NAME, URL, "DESC", STATUS, CANCEL_FLAG, CREATE_BY, CREATE_DATE, UPDATE_BY, UPDATE_DATE) VALUES('92', '1','谷歌','www.google.lk','谷歌', 1, 0, 'admin', SYSDATE, 'admin', SYSDATE);
INSERT INTO GIONEE_DRS.IUNI_DA_FLOW_SOURCE(ID, TYPE_ID, NAME, URL, "DESC", STATUS, CANCEL_FLAG, CREATE_BY, CREATE_DATE, UPDATE_BY, UPDATE_DATE) VALUES('93', '1','谷歌','www.google.lv','谷歌', 1, 0, 'admin', SYSDATE, 'admin', SYSDATE);
INSERT INTO GIONEE_DRS.IUNI_DA_FLOW_SOURCE(ID, TYPE_ID, NAME, URL, "DESC", STATUS, CANCEL_FLAG, CREATE_BY, CREATE_DATE, UPDATE_BY, UPDATE_DATE) VALUES('94', '1','谷歌','www.google.no','谷歌', 1, 0, 'admin', SYSDATE, 'admin', SYSDATE);
INSERT INTO GIONEE_DRS.IUNI_DA_FLOW_SOURCE(ID, TYPE_ID, NAME, URL, "DESC", STATUS, CANCEL_FLAG, CREATE_BY, CREATE_DATE, UPDATE_BY, UPDATE_DATE) VALUES('95', '1','谷歌','www.google.com.ng', '谷歌', 1, 0, 'admin', SYSDATE, 'admin', SYSDATE);
INSERT INTO GIONEE_DRS.IUNI_DA_FLOW_SOURCE(ID, TYPE_ID, NAME, URL, "DESC", STATUS, CANCEL_FLAG, CREATE_BY, CREATE_DATE, UPDATE_BY, UPDATE_DATE) VALUES('96', '1','谷歌','www.google.co.bw','谷歌', 1, 0, 'admin', SYSDATE, 'admin', SYSDATE);
INSERT INTO GIONEE_DRS.IUNI_DA_FLOW_SOURCE(ID, TYPE_ID, NAME, URL, "DESC", STATUS, CANCEL_FLAG, CREATE_BY, CREATE_DATE, UPDATE_BY, UPDATE_DATE) VALUES('97', '1','谷歌','www.google.tn','谷歌', 1, 0, 'admin', SYSDATE, 'admin', SYSDATE);
INSERT INTO GIONEE_DRS.IUNI_DA_FLOW_SOURCE(ID, TYPE_ID, NAME, URL, "DESC", STATUS, CANCEL_FLAG, CREATE_BY, CREATE_DATE, UPDATE_BY, UPDATE_DATE) VALUES('98', '1','谷歌','www.google.md','谷歌', 1, 0, 'admin', SYSDATE, 'admin', SYSDATE);
INSERT INTO GIONEE_DRS.IUNI_DA_FLOW_SOURCE(ID, TYPE_ID, NAME, URL, "DESC", STATUS, CANCEL_FLAG, CREATE_BY, CREATE_DATE, UPDATE_BY, UPDATE_DATE) VALUES('99', '1','谷歌','www.google.tt','谷歌', 1, 0, 'admin', SYSDATE, 'admin', SYSDATE);
INSERT INTO GIONEE_DRS.IUNI_DA_FLOW_SOURCE(ID, TYPE_ID, NAME, URL, "DESC", STATUS, CANCEL_FLAG, CREATE_BY, CREATE_DATE, UPDATE_BY, UPDATE_DATE) VALUES('100', '1','谷歌' ,'www.google.iq','谷歌', 1, 0, 'admin', SYSDATE, 'admin', SYSDATE);
INSERT INTO GIONEE_DRS.IUNI_DA_FLOW_SOURCE(ID, TYPE_ID, NAME, URL, "DESC", STATUS, CANCEL_FLAG, CREATE_BY, CREATE_DATE, UPDATE_BY, UPDATE_DATE) VALUES('101', '1','谷歌' ,'www.google.jo','谷歌', 1, 0, 'admin', SYSDATE, 'admin', SYSDATE);
INSERT INTO GIONEE_DRS.IUNI_DA_FLOW_SOURCE(ID, TYPE_ID, NAME, URL, "DESC", STATUS, CANCEL_FLAG, CREATE_BY, CREATE_DATE, UPDATE_BY, UPDATE_DATE) VALUES('102', '1','谷歌' ,'www.google.co.za','谷歌', 1, 0, 'admin', SYSDATE, 'admin', SYSDATE);
INSERT INTO GIONEE_DRS.IUNI_DA_FLOW_SOURCE(ID, TYPE_ID, NAME, URL, "DESC", STATUS, CANCEL_FLAG, CREATE_BY, CREATE_DATE, UPDATE_BY, UPDATE_DATE) VALUES('103', '1','谷歌' ,'www.google.al','谷歌', 1, 0, 'admin', SYSDATE, 'admin', SYSDATE);
INSERT INTO GIONEE_DRS.IUNI_DA_FLOW_SOURCE(ID, TYPE_ID, NAME, URL, "DESC", STATUS, CANCEL_FLAG, CREATE_BY, CREATE_DATE, UPDATE_BY, UPDATE_DATE) VALUES('104', '1','谷歌' ,'www.google.com.jm', '谷歌', 1, 0, 'admin', SYSDATE, 'admin', SYSDATE);
INSERT INTO GIONEE_DRS.IUNI_DA_FLOW_SOURCE(ID, TYPE_ID, NAME, URL, "DESC", STATUS, CANCEL_FLAG, CREATE_BY, CREATE_DATE, UPDATE_BY, UPDATE_DATE) VALUES('105', '1','谷歌' ,'www.google.com.kh', '谷歌', 1, 0, 'admin', SYSDATE, 'admin', SYSDATE);
INSERT INTO GIONEE_DRS.IUNI_DA_FLOW_SOURCE(ID, TYPE_ID, NAME, URL, "DESC", STATUS, CANCEL_FLAG, CREATE_BY, CREATE_DATE, UPDATE_BY, UPDATE_DATE) VALUES('106', '1','谷歌' ,'www.google.ba','谷歌', 1, 0, 'admin', SYSDATE, 'admin', SYSDATE);
INSERT INTO GIONEE_DRS.IUNI_DA_FLOW_SOURCE(ID, TYPE_ID, NAME, URL, "DESC", STATUS, CANCEL_FLAG, CREATE_BY, CREATE_DATE, UPDATE_BY, UPDATE_DATE) VALUES('107', '1','谷歌' ,'www.google.com.gt', '谷歌', 1, 0, 'admin', SYSDATE, 'admin', SYSDATE);
INSERT INTO GIONEE_DRS.IUNI_DA_FLOW_SOURCE(ID, TYPE_ID, NAME, URL, "DESC", STATUS, CANCEL_FLAG, CREATE_BY, CREATE_DATE, UPDATE_BY, UPDATE_DATE) VALUES('108', '1','谷歌' ,'www.google.ge','谷歌', 1, 0, 'admin', SYSDATE, 'admin', SYSDATE);
INSERT INTO GIONEE_DRS.IUNI_DA_FLOW_SOURCE(ID, TYPE_ID, NAME, URL, "DESC", STATUS, CANCEL_FLAG, CREATE_BY, CREATE_DATE, UPDATE_BY, UPDATE_DATE) VALUES('109', '1','谷歌' ,'www.google.mv','谷歌', 1, 0, 'admin', SYSDATE, 'admin', SYSDATE);
INSERT INTO GIONEE_DRS.IUNI_DA_FLOW_SOURCE(ID, TYPE_ID, NAME, URL, "DESC", STATUS, CANCEL_FLAG, CREATE_BY, CREATE_DATE, UPDATE_BY, UPDATE_DATE) VALUES('110', '1','谷歌' ,'www.google.com.bh', '谷歌', 1, 0, 'admin', SYSDATE, 'admin', SYSDATE);
INSERT INTO GIONEE_DRS.IUNI_DA_FLOW_SOURCE(ID, TYPE_ID, NAME, URL, "DESC", STATUS, CANCEL_FLAG, CREATE_BY, CREATE_DATE, UPDATE_BY, UPDATE_DATE) VALUES('111', '1','谷歌' ,'www.google.ci','谷歌', 1, 0, 'admin', SYSDATE, 'admin', SYSDATE);
INSERT INTO GIONEE_DRS.IUNI_DA_FLOW_SOURCE(ID, TYPE_ID, NAME, URL, "DESC", STATUS, CANCEL_FLAG, CREATE_BY, CREATE_DATE, UPDATE_BY, UPDATE_DATE) VALUES('112', '1','谷歌' ,'www.google.com.ec', '谷歌', 1, 0, 'admin', SYSDATE, 'admin', SYSDATE);
INSERT INTO GIONEE_DRS.IUNI_DA_FLOW_SOURCE(ID, TYPE_ID, NAME, URL, "DESC", STATUS, CANCEL_FLAG, CREATE_BY, CREATE_DATE, UPDATE_BY, UPDATE_DATE) VALUES('113', '1','谷歌' ,'www.google.com.sv', '谷歌', 1, 0, 'admin', SYSDATE, 'admin', SYSDATE);
INSERT INTO GIONEE_DRS.IUNI_DA_FLOW_SOURCE(ID, TYPE_ID, NAME, URL, "DESC", STATUS, CANCEL_FLAG, CREATE_BY, CREATE_DATE, UPDATE_BY, UPDATE_DATE) VALUES('114', '1','谷歌' ,'www.google.ht','谷歌', 1, 0, 'admin', SYSDATE, 'admin', SYSDATE);
INSERT INTO GIONEE_DRS.IUNI_DA_FLOW_SOURCE(ID, TYPE_ID, NAME, URL, "DESC", STATUS, CANCEL_FLAG, CREATE_BY, CREATE_DATE, UPDATE_BY, UPDATE_DATE) VALUES('115', '1','谷歌' ,'www.google.com.py', '谷歌', 1, 0, 'admin', SYSDATE, 'admin', SYSDATE);
INSERT INTO GIONEE_DRS.IUNI_DA_FLOW_SOURCE(ID, TYPE_ID, NAME, URL, "DESC", STATUS, CANCEL_FLAG, CREATE_BY, CREATE_DATE, UPDATE_BY, UPDATE_DATE) VALUES('116', '1','谷歌' ,'www.google.com.mm', '谷歌', 1, 0, 'admin', SYSDATE, 'admin', SYSDATE);
INSERT INTO GIONEE_DRS.IUNI_DA_FLOW_SOURCE(ID, TYPE_ID, NAME, URL, "DESC", STATUS, CANCEL_FLAG, CREATE_BY, CREATE_DATE, UPDATE_BY, UPDATE_DATE) VALUES('117', '1','谷歌' ,'www.google.com.uy', '谷歌', 1, 0, 'admin', SYSDATE, 'admin', SYSDATE);
INSERT INTO GIONEE_DRS.IUNI_DA_FLOW_SOURCE(ID, TYPE_ID, NAME, URL, "DESC", STATUS, CANCEL_FLAG, CREATE_BY, CREATE_DATE, UPDATE_BY, UPDATE_DATE) VALUES('118', '1','谷歌' ,'www.google.com.np', '谷歌', 1, 0, 'admin', SYSDATE, 'admin', SYSDATE);
INSERT INTO GIONEE_DRS.IUNI_DA_FLOW_SOURCE(ID, TYPE_ID, NAME, URL, "DESC", STATUS, CANCEL_FLAG, CREATE_BY, CREATE_DATE, UPDATE_BY, UPDATE_DATE) VALUES('119', '1','谷歌' ,'www.google.com.kw', '谷歌', 1, 0, 'admin', SYSDATE, 'admin', SYSDATE);
INSERT INTO GIONEE_DRS.IUNI_DA_FLOW_SOURCE(ID, TYPE_ID, NAME, URL, "DESC", STATUS, CANCEL_FLAG, CREATE_BY, CREATE_DATE, UPDATE_BY, UPDATE_DATE) VALUES('120', '1','谷歌' ,'www.google.com.mt', '谷歌', 1, 0, 'admin', SYSDATE, 'admin', SYSDATE);
INSERT INTO GIONEE_DRS.IUNI_DA_FLOW_SOURCE(ID, TYPE_ID, NAME, URL, "DESC", STATUS, CANCEL_FLAG, CREATE_BY, CREATE_DATE, UPDATE_BY, UPDATE_DATE) VALUES('121', '1','谷歌' ,'www.google.com.ni', '谷歌', 1, 0, 'admin', SYSDATE, 'admin', SYSDATE);
INSERT INTO GIONEE_DRS.IUNI_DA_FLOW_SOURCE(ID, TYPE_ID, NAME, URL, "DESC", STATUS, CANCEL_FLAG, CREATE_BY, CREATE_DATE, UPDATE_BY, UPDATE_DATE) VALUES('122', '1','谷歌' ,'www.google.com.pr', '谷歌', 1, 0, 'admin', SYSDATE, 'admin', SYSDATE);
INSERT INTO GIONEE_DRS.IUNI_DA_FLOW_SOURCE(ID, TYPE_ID, NAME, URL, "DESC", STATUS, CANCEL_FLAG, CREATE_BY, CREATE_DATE, UPDATE_BY, UPDATE_DATE) VALUES('123', '1','谷歌' ,'www.google.com.gh', '谷歌', 1, 0, 'admin', SYSDATE, 'admin', SYSDATE);
INSERT INTO GIONEE_DRS.IUNI_DA_FLOW_SOURCE(ID, TYPE_ID, NAME, URL, "DESC", STATUS, CANCEL_FLAG, CREATE_BY, CREATE_DATE, UPDATE_BY, UPDATE_DATE) VALUES('124', '1','谷歌' ,'www.google.lu','谷歌', 1, 0, 'admin', SYSDATE, 'admin', SYSDATE);
INSERT INTO GIONEE_DRS.IUNI_DA_FLOW_SOURCE(ID, TYPE_ID, NAME, URL, "DESC", STATUS, CANCEL_FLAG, CREATE_BY, CREATE_DATE, UPDATE_BY, UPDATE_DATE) VALUES('125', '1','搜狗' ,'www.sogou.com','搜狗', 1, 0, 'admin', SYSDATE, 'admin', SYSDATE);
INSERT INTO GIONEE_DRS.IUNI_DA_FLOW_SOURCE(ID, TYPE_ID, NAME, URL, "DESC", STATUS, CANCEL_FLAG, CREATE_BY, CREATE_DATE, UPDATE_BY, UPDATE_DATE) VALUES('126', '1','搜狗' ,'m.sogou.com','搜狗', 1, 0, 'admin', SYSDATE, 'admin', SYSDATE);
INSERT INTO GIONEE_DRS.IUNI_DA_FLOW_SOURCE(ID, TYPE_ID, NAME, URL, "DESC", STATUS, CANCEL_FLAG, CREATE_BY, CREATE_DATE, UPDATE_BY, UPDATE_DATE) VALUES('127', '1','搜狗' ,'wap.sogou.com','搜狗', 1, 0, 'admin', SYSDATE, 'admin', SYSDATE);
INSERT INTO GIONEE_DRS.IUNI_DA_FLOW_SOURCE(ID, TYPE_ID, NAME, URL, "DESC", STATUS, CANCEL_FLAG, CREATE_BY, CREATE_DATE, UPDATE_BY, UPDATE_DATE) VALUES('128', '1','搜狗' ,'voice.wap.sogou.com','搜狗', 1, 0, 'admin', SYSDATE, 'admin', SYSDATE);
INSERT INTO GIONEE_DRS.IUNI_DA_FLOW_SOURCE(ID, TYPE_ID, NAME, URL, "DESC", STATUS, CANCEL_FLAG, CREATE_BY, CREATE_DATE, UPDATE_BY, UPDATE_DATE) VALUES('129', '1','搜狗' ,'news.sogou.com','搜狗', 1, 0, 'admin', SYSDATE, 'admin', SYSDATE);
INSERT INTO GIONEE_DRS.IUNI_DA_FLOW_SOURCE(ID, TYPE_ID, NAME, URL, "DESC", STATUS, CANCEL_FLAG, CREATE_BY, CREATE_DATE, UPDATE_BY, UPDATE_DATE) VALUES('130', '1','雅虎' ,'r.search.yahoo.com','雅虎', 1, 0, 'admin', SYSDATE, 'admin', SYSDATE);
INSERT INTO GIONEE_DRS.IUNI_DA_FLOW_SOURCE(ID, TYPE_ID, NAME, URL, "DESC", STATUS, CANCEL_FLAG, CREATE_BY, CREATE_DATE, UPDATE_BY, UPDATE_DATE) VALUES('131', '1','雅虎' ,'search.yahoo.com','雅虎', 1, 0, 'admin', SYSDATE, 'admin', SYSDATE);
INSERT INTO GIONEE_DRS.IUNI_DA_FLOW_SOURCE(ID, TYPE_ID, NAME, URL, "DESC", STATUS, CANCEL_FLAG, CREATE_BY, CREATE_DATE, UPDATE_BY, UPDATE_DATE) VALUES('132', '1','雅虎' ,'hk.search.yahoo.com','雅虎', 1, 0, 'admin', SYSDATE, 'admin', SYSDATE);
INSERT INTO GIONEE_DRS.IUNI_DA_FLOW_SOURCE(ID, TYPE_ID, NAME, URL, "DESC", STATUS, CANCEL_FLAG, CREATE_BY, CREATE_DATE, UPDATE_BY, UPDATE_DATE) VALUES('133', '1','雅虎' ,'tw.search.yahoo.com','雅虎', 1, 0, 'admin', SYSDATE, 'admin', SYSDATE);
INSERT INTO GIONEE_DRS.IUNI_DA_FLOW_SOURCE(ID, TYPE_ID, NAME, URL, "DESC", STATUS, CANCEL_FLAG, CREATE_BY, CREATE_DATE, UPDATE_BY, UPDATE_DATE) VALUES('134', '1','雅虎' ,'us.yhs4.search.yahoo.com', '雅虎', 1, 0, 'admin', SYSDATE, 'admin', SYSDATE);
INSERT INTO GIONEE_DRS.IUNI_DA_FLOW_SOURCE(ID, TYPE_ID, NAME, URL, "DESC", STATUS, CANCEL_FLAG, CREATE_BY, CREATE_DATE, UPDATE_BY, UPDATE_DATE) VALUES('135', '1','雅虎' ,'in.yhs4.search.yahoo.com', '雅虎', 1, 0, 'admin', SYSDATE, 'admin', SYSDATE);
INSERT INTO GIONEE_DRS.IUNI_DA_FLOW_SOURCE(ID, TYPE_ID, NAME, URL, "DESC", STATUS, CANCEL_FLAG, CREATE_BY, CREATE_DATE, UPDATE_BY, UPDATE_DATE) VALUES('136', '1','雅虎' ,'hk.yhs4.search.yahoo.com', '雅虎', 1, 0, 'admin', SYSDATE, 'admin', SYSDATE);
INSERT INTO GIONEE_DRS.IUNI_DA_FLOW_SOURCE(ID, TYPE_ID, NAME, URL, "DESC", STATUS, CANCEL_FLAG, CREATE_BY, CREATE_DATE, UPDATE_BY, UPDATE_DATE) VALUES('137', '1','雅虎' ,'fr.search.yahoo.com','雅虎', 1, 0, 'admin', SYSDATE, 'admin', SYSDATE);
INSERT INTO GIONEE_DRS.IUNI_DA_FLOW_SOURCE(ID, TYPE_ID, NAME, URL, "DESC", STATUS, CANCEL_FLAG, CREATE_BY, CREATE_DATE, UPDATE_BY, UPDATE_DATE) VALUES('138', '1','雅虎' ,'fr.yhs4.search.yahoo.com', '雅虎', 1, 0, 'admin', SYSDATE, 'admin', SYSDATE);
INSERT INTO GIONEE_DRS.IUNI_DA_FLOW_SOURCE(ID, TYPE_ID, NAME, URL, "DESC", STATUS, CANCEL_FLAG, CREATE_BY, CREATE_DATE, UPDATE_BY, UPDATE_DATE) VALUES('139', '1','宜搜' ,'z.easou.com','宜搜', 1, 0, 'admin', SYSDATE, 'admin', SYSDATE);
INSERT INTO GIONEE_DRS.IUNI_DA_FLOW_SOURCE(ID, TYPE_ID, NAME, URL, "DESC", STATUS, CANCEL_FLAG, CREATE_BY, CREATE_DATE, UPDATE_BY, UPDATE_DATE) VALUES('140', '1','宜搜' ,'z11.easou.com','宜搜', 1, 0, 'admin', SYSDATE, 'admin', SYSDATE);
INSERT INTO GIONEE_DRS.IUNI_DA_FLOW_SOURCE(ID, TYPE_ID, NAME, URL, "DESC", STATUS, CANCEL_FLAG, CREATE_BY, CREATE_DATE, UPDATE_BY, UPDATE_DATE) VALUES('141', '1','易查' ,'page.yicha.cn','易查', 1, 0, 'admin', SYSDATE, 'admin', SYSDATE);
INSERT INTO GIONEE_DRS.IUNI_DA_FLOW_SOURCE(ID, TYPE_ID, NAME, URL, "DESC", STATUS, CANCEL_FLAG, CREATE_BY, CREATE_DATE, UPDATE_BY, UPDATE_DATE) VALUES('142', '1','易查' ,'yicha.cn', '易查', 1, 0, 'admin', SYSDATE, 'admin', SYSDATE);
INSERT INTO GIONEE_DRS.IUNI_DA_FLOW_SOURCE(ID, TYPE_ID, NAME, URL, "DESC", STATUS, CANCEL_FLAG, CREATE_BY, CREATE_DATE, UPDATE_BY, UPDATE_DATE) VALUES('143', '1','有道' ,'www.youdao.com','有道', 1, 0, 'admin', SYSDATE, 'admin', SYSDATE);
INSERT INTO GIONEE_DRS.IUNI_DA_FLOW_SOURCE(ID, TYPE_ID, NAME, URL, "DESC", STATUS, CANCEL_FLAG, CREATE_BY, CREATE_DATE, UPDATE_BY, UPDATE_DATE) VALUES('144', '1','有道' ,'mproxy.youdao.com', '有道', 1, 0, 'admin', SYSDATE, 'admin', SYSDATE);
INSERT INTO GIONEE_DRS.IUNI_DA_FLOW_SOURCE(ID, TYPE_ID, NAME, URL, "DESC", STATUS, CANCEL_FLAG, CREATE_BY, CREATE_DATE, UPDATE_BY, UPDATE_DATE) VALUES('145', '2','社会化媒体','user.qzone.qq.com', '社会化媒体' , 1, 0, 'admin', SYSDATE, 'admin', SYSDATE);
INSERT INTO GIONEE_DRS.IUNI_DA_FLOW_SOURCE(ID, TYPE_ID, NAME, URL, "DESC", STATUS, CANCEL_FLAG, CREATE_BY, CREATE_DATE, UPDATE_BY, UPDATE_DATE) VALUES('146', '2','社会化媒体','weibo.com','社会化媒体' , 1, 0, 'admin', SYSDATE, 'admin', SYSDATE);
INSERT INTO GIONEE_DRS.IUNI_DA_FLOW_SOURCE(ID, TYPE_ID, NAME, URL, "DESC", STATUS, CANCEL_FLAG, CREATE_BY, CREATE_DATE, UPDATE_BY, UPDATE_DATE) VALUES('147', '2','社会化媒体','www.douban.com','社会化媒体' , 1, 0, 'admin', SYSDATE, 'admin', SYSDATE);
INSERT INTO GIONEE_DRS.IUNI_DA_FLOW_SOURCE(ID, TYPE_ID, NAME, URL, "DESC", STATUS, CANCEL_FLAG, CREATE_BY, CREATE_DATE, UPDATE_BY, UPDATE_DATE) VALUES('148', '2','社会化媒体','sz.user.qzone.qq.com','社会化媒体' , 1, 0, 'admin', SYSDATE, 'admin', SYSDATE);
INSERT INTO GIONEE_DRS.IUNI_DA_FLOW_SOURCE(ID, TYPE_ID, NAME, URL, "DESC", STATUS, CANCEL_FLAG, CREATE_BY, CREATE_DATE, UPDATE_BY, UPDATE_DATE) VALUES('149', '2','社会化媒体','rc.qzone.qq.com', '社会化媒体' , 1, 0, 'admin', SYSDATE, 'admin', SYSDATE);
INSERT INTO GIONEE_DRS.IUNI_DA_FLOW_SOURCE(ID, TYPE_ID, NAME, URL, "DESC", STATUS, CANCEL_FLAG, CREATE_BY, CREATE_DATE, UPDATE_BY, UPDATE_DATE) VALUES('150', '2','社会化媒体','widget.weibo.com','社会化媒体' , 1, 0, 'admin', SYSDATE, 'admin', SYSDATE);
INSERT INTO GIONEE_DRS.IUNI_DA_FLOW_SOURCE(ID, TYPE_ID, NAME, URL, "DESC", STATUS, CANCEL_FLAG, CREATE_BY, CREATE_DATE, UPDATE_BY, UPDATE_DATE) VALUES('151', '2','社会化媒体','dongxi.douban.com', '社会化媒体' , 1, 0, 'admin', SYSDATE, 'admin', SYSDATE);
INSERT INTO GIONEE_DRS.IUNI_DA_FLOW_SOURCE(ID, TYPE_ID, NAME, URL, "DESC", STATUS, CANCEL_FLAG, CREATE_BY, CREATE_DATE, UPDATE_BY, UPDATE_DATE) VALUES('152', '2','社会化媒体','my.qzone.qq.com', '社会化媒体' , 1, 0, 'admin', SYSDATE, 'admin', SYSDATE);
INSERT INTO GIONEE_DRS.IUNI_DA_FLOW_SOURCE(ID, TYPE_ID, NAME, URL, "DESC", STATUS, CANCEL_FLAG, CREATE_BY, CREATE_DATE, UPDATE_BY, UPDATE_DATE) VALUES('153', '2','社会化媒体','site.douban.com', '社会化媒体' , 1, 0, 'admin', SYSDATE, 'admin', SYSDATE);
INSERT INTO GIONEE_DRS.IUNI_DA_FLOW_SOURCE(ID, TYPE_ID, NAME, URL, "DESC", STATUS, CANCEL_FLAG, CREATE_BY, CREATE_DATE, UPDATE_BY, UPDATE_DATE) VALUES('154', '2','社会化媒体','www.weibo.com','社会化媒体' , 1, 0, 'admin', SYSDATE, 'admin', SYSDATE);
INSERT INTO GIONEE_DRS.IUNI_DA_FLOW_SOURCE(ID, TYPE_ID, NAME, URL, "DESC", STATUS, CANCEL_FLAG, CREATE_BY, CREATE_DATE, UPDATE_BY, UPDATE_DATE) VALUES('155', '2','社会化媒体','s.weibo.com','社会化媒体' , 1, 0, 'admin', SYSDATE, 'admin', SYSDATE);
INSERT INTO GIONEE_DRS.IUNI_DA_FLOW_SOURCE(ID, TYPE_ID, NAME, URL, "DESC", STATUS, CANCEL_FLAG, CREATE_BY, CREATE_DATE, UPDATE_BY, UPDATE_DATE) VALUES('156', '2','社会化媒体','huaban.com', '社会化媒体' , 1, 0, 'admin', SYSDATE, 'admin', SYSDATE);
INSERT INTO GIONEE_DRS.IUNI_DA_FLOW_SOURCE(ID, TYPE_ID, NAME, URL, "DESC", STATUS, CANCEL_FLAG, CREATE_BY, CREATE_DATE, UPDATE_BY, UPDATE_DATE) VALUES('157', '2','社会化媒体','user.s6.qzone.qq.com','社会化媒体' , 1, 0, 'admin', SYSDATE, 'admin', SYSDATE);
INSERT INTO GIONEE_DRS.IUNI_DA_FLOW_SOURCE(ID, TYPE_ID, NAME, URL, "DESC", STATUS, CANCEL_FLAG, CREATE_BY, CREATE_DATE, UPDATE_BY, UPDATE_DATE) VALUES('158', '2','社会化媒体','m.douban.com','社会化媒体' , 1, 0, 'admin', SYSDATE, 'admin', SYSDATE);
INSERT INTO GIONEE_DRS.IUNI_DA_FLOW_SOURCE(ID, TYPE_ID, NAME, URL, "DESC", STATUS, CANCEL_FLAG, CREATE_BY, CREATE_DATE, UPDATE_BY, UPDATE_DATE) VALUES('159', '2','社会化媒体','user.s5.qzone.qq.com','社会化媒体' , 1, 0, 'admin', SYSDATE, 'admin', SYSDATE);
INSERT INTO GIONEE_DRS.IUNI_DA_FLOW_SOURCE(ID, TYPE_ID, NAME, URL, "DESC", STATUS, CANCEL_FLAG, CREATE_BY, CREATE_DATE, UPDATE_BY, UPDATE_DATE) VALUES('160', '2','社会化媒体','www.facebook.com','社会化媒体' , 1, 0, 'admin', SYSDATE, 'admin', SYSDATE);
INSERT INTO GIONEE_DRS.IUNI_DA_FLOW_SOURCE(ID, TYPE_ID, NAME, URL, "DESC", STATUS, CANCEL_FLAG, CREATE_BY, CREATE_DATE, UPDATE_BY, UPDATE_DATE) VALUES('161', '2','社会化媒体','c.gdt.qq.com','社会化媒体' , 1, 0, 'admin', SYSDATE, 'admin', SYSDATE);
INSERT INTO GIONEE_DRS.IUNI_DA_FLOW_SOURCE(ID, TYPE_ID, NAME, URL, "DESC", STATUS, CANCEL_FLAG, CREATE_BY, CREATE_DATE, UPDATE_BY, UPDATE_DATE) VALUES('162', '2','社会化媒体','cang.baidu.com','社会化媒体' , 1, 0, 'admin', SYSDATE, 'admin', SYSDATE);
INSERT INTO GIONEE_DRS.IUNI_DA_FLOW_SOURCE(ID, TYPE_ID, NAME, URL, "DESC", STATUS, CANCEL_FLAG, CREATE_BY, CREATE_DATE, UPDATE_BY, UPDATE_DATE) VALUES('163', '2','社会化媒体','t.qq.com', '社会化媒体' , 1, 0, 'admin', SYSDATE, 'admin', SYSDATE);
INSERT INTO GIONEE_DRS.IUNI_DA_FLOW_SOURCE(ID, TYPE_ID, NAME, URL, "DESC", STATUS, CANCEL_FLAG, CREATE_BY, CREATE_DATE, UPDATE_BY, UPDATE_DATE) VALUES('164', '2','社会化媒体','zhan.renren.com', '社会化媒体' , 1, 0, 'admin', SYSDATE, 'admin', SYSDATE);
INSERT INTO GIONEE_DRS.IUNI_DA_FLOW_SOURCE(ID, TYPE_ID, NAME, URL, "DESC", STATUS, CANCEL_FLAG, CREATE_BY, CREATE_DATE, UPDATE_BY, UPDATE_DATE) VALUES('165', '2','社会化媒体','my.51.com','社会化媒体' , 1, 0, 'admin', SYSDATE, 'admin', SYSDATE);
INSERT INTO GIONEE_DRS.IUNI_DA_FLOW_SOURCE(ID, TYPE_ID, NAME, URL, "DESC", STATUS, CANCEL_FLAG, CREATE_BY, CREATE_DATE, UPDATE_BY, UPDATE_DATE) VALUES('166', '2','社会化媒体','ic2.s8.qzone.qq.com','社会化媒体' , 1, 0, 'admin', SYSDATE, 'admin', SYSDATE);
INSERT INTO GIONEE_DRS.IUNI_DA_FLOW_SOURCE(ID, TYPE_ID, NAME, URL, "DESC", STATUS, CANCEL_FLAG, CREATE_BY, CREATE_DATE, UPDATE_BY, UPDATE_DATE) VALUES('167', '2','社会化媒体','jump.qt.qq.com','社会化媒体' , 1, 0, 'admin', SYSDATE, 'admin', SYSDATE);
INSERT INTO GIONEE_DRS.IUNI_DA_FLOW_SOURCE(ID, TYPE_ID, NAME, URL, "DESC", STATUS, CANCEL_FLAG, CREATE_BY, CREATE_DATE, UPDATE_BY, UPDATE_DATE) VALUES('168', '2','社会化媒体','product.it.sohu.com','社会化媒体' , 1, 0, 'admin', SYSDATE, 'admin', SYSDATE);
INSERT INTO GIONEE_DRS.IUNI_DA_FLOW_SOURCE(ID, TYPE_ID, NAME, URL, "DESC", STATUS, CANCEL_FLAG, CREATE_BY, CREATE_DATE, UPDATE_BY, UPDATE_DATE) VALUES('169', '2','社会化媒体','service.weibo.com', '社会化媒体' , 1, 0, 'admin', SYSDATE, 'admin', SYSDATE);
INSERT INTO GIONEE_DRS.IUNI_DA_FLOW_SOURCE(ID, TYPE_ID, NAME, URL, "DESC", STATUS, CANCEL_FLAG, CREATE_BY, CREATE_DATE, UPDATE_BY, UPDATE_DATE) VALUES('170', '2','社会化媒体','ic2.s51.qzone.qq.com','社会化媒体' , 1, 0, 'admin', SYSDATE, 'admin', SYSDATE);
INSERT INTO GIONEE_DRS.IUNI_DA_FLOW_SOURCE(ID, TYPE_ID, NAME, URL, "DESC", STATUS, CANCEL_FLAG, CREATE_BY, CREATE_DATE, UPDATE_BY, UPDATE_DATE) VALUES('171', '2','社会化媒体','it.gmw.cn','社会化媒体' , 1, 0, 'admin', SYSDATE, 'admin', SYSDATE);
INSERT INTO GIONEE_DRS.IUNI_DA_FLOW_SOURCE(ID, TYPE_ID, NAME, URL, "DESC", STATUS, CANCEL_FLAG, CREATE_BY, CREATE_DATE, UPDATE_BY, UPDATE_DATE) VALUES('172', '2','社会化媒体','b1.cnc.qzone.qq.com','社会化媒体' , 1, 0, 'admin', SYSDATE, 'admin', SYSDATE);
INSERT INTO GIONEE_DRS.IUNI_DA_FLOW_SOURCE(ID, TYPE_ID, NAME, URL, "DESC", STATUS, CANCEL_FLAG, CREATE_BY, CREATE_DATE, UPDATE_BY, UPDATE_DATE) VALUES('173', '2','社会化媒体','ic2.s21.qzone.qq.com','社会化媒体' , 1, 0, 'admin', SYSDATE, 'admin', SYSDATE);
INSERT INTO GIONEE_DRS.IUNI_DA_FLOW_SOURCE(ID, TYPE_ID, NAME, URL, "DESC", STATUS, CANCEL_FLAG, CREATE_BY, CREATE_DATE, UPDATE_BY, UPDATE_DATE) VALUES('174', '2','社会化媒体','photo.weibo.com', '社会化媒体' , 1, 0, 'admin', SYSDATE, 'admin', SYSDATE);
INSERT INTO GIONEE_DRS.IUNI_DA_FLOW_SOURCE(ID, TYPE_ID, NAME, URL, "DESC", STATUS, CANCEL_FLAG, CREATE_BY, CREATE_DATE, UPDATE_BY, UPDATE_DATE) VALUES('175', '2','社会化媒体','ic2.qzone.qq.com','社会化媒体' , 1, 0, 'admin', SYSDATE, 'admin', SYSDATE);
INSERT INTO GIONEE_DRS.IUNI_DA_FLOW_SOURCE(ID, TYPE_ID, NAME, URL, "DESC", STATUS, CANCEL_FLAG, CREATE_BY, CREATE_DATE, UPDATE_BY, UPDATE_DATE) VALUES('176', '2','社会化媒体','tw.weibo.com','社会化媒体' , 1, 0, 'admin', SYSDATE, 'admin', SYSDATE);
INSERT INTO GIONEE_DRS.IUNI_DA_FLOW_SOURCE(ID, TYPE_ID, NAME, URL, "DESC", STATUS, CANCEL_FLAG, CREATE_BY, CREATE_DATE, UPDATE_BY, UPDATE_DATE) VALUES('177', '2','社会化媒体','bbs.tianya.cn','社会化媒体' , 1, 0, 'admin', SYSDATE, 'admin', SYSDATE);
INSERT INTO GIONEE_DRS.IUNI_DA_FLOW_SOURCE(ID, TYPE_ID, NAME, URL, "DESC", STATUS, CANCEL_FLAG, CREATE_BY, CREATE_DATE, UPDATE_BY, UPDATE_DATE) VALUES('178', '2','社会化媒体','www.pinterest.com', '社会化媒体' , 1, 0, 'admin', SYSDATE, 'admin', SYSDATE);
INSERT INTO GIONEE_DRS.IUNI_DA_FLOW_SOURCE(ID, TYPE_ID, NAME, URL, "DESC", STATUS, CANCEL_FLAG, CREATE_BY, CREATE_DATE, UPDATE_BY, UPDATE_DATE) VALUES('179', '2','社会化媒体','b11.cnc.qzone.qq.com','社会化媒体' , 1, 0, 'admin', SYSDATE, 'admin', SYSDATE);
INSERT INTO GIONEE_DRS.IUNI_DA_FLOW_SOURCE(ID, TYPE_ID, NAME, URL, "DESC", STATUS, CANCEL_FLAG, CREATE_BY, CREATE_DATE, UPDATE_BY, UPDATE_DATE) VALUES('180', '2','社会化媒体','z.t.qq.com', '社会化媒体' , 1, 0, 'admin', SYSDATE, 'admin', SYSDATE);
INSERT INTO GIONEE_DRS.IUNI_DA_FLOW_SOURCE(ID, TYPE_ID, NAME, URL, "DESC", STATUS, CANCEL_FLAG, CREATE_BY, CREATE_DATE, UPDATE_BY, UPDATE_DATE) VALUES('181', '2','社会化媒体','weibo.10086.cn','社会化媒体' , 1, 0, 'admin', SYSDATE, 'admin', SYSDATE);
INSERT INTO GIONEE_DRS.IUNI_DA_FLOW_SOURCE(ID, TYPE_ID, NAME, URL, "DESC", STATUS, CANCEL_FLAG, CREATE_BY, CREATE_DATE, UPDATE_BY, UPDATE_DATE) VALUES('182', '2','社会化媒体','www.wealink.com', '社会化媒体' , 1, 0, 'admin', SYSDATE, 'admin', SYSDATE);
INSERT INTO GIONEE_DRS.IUNI_DA_FLOW_SOURCE(ID, TYPE_ID, NAME, URL, "DESC", STATUS, CANCEL_FLAG, CREATE_BY, CREATE_DATE, UPDATE_BY, UPDATE_DATE) VALUES('183', '2','社会化媒体','xianguo.com','社会化媒体' , 1, 0, 'admin', SYSDATE, 'admin', SYSDATE);
INSERT INTO GIONEE_DRS.IUNI_DA_FLOW_SOURCE(ID, TYPE_ID, NAME, URL, "DESC", STATUS, CANCEL_FLAG, CREATE_BY, CREATE_DATE, UPDATE_BY, UPDATE_DATE) VALUES('184', '2','网址导航','www.lightapp.cn', '网址导航', 1, 0, 'admin', SYSDATE, 'admin', SYSDATE);
INSERT INTO GIONEE_DRS.IUNI_DA_FLOW_SOURCE(ID, TYPE_ID, NAME, URL, "DESC", STATUS, CANCEL_FLAG, CREATE_BY, CREATE_DATE, UPDATE_BY, UPDATE_DATE) VALUES('185', '2','网址导航','www.hao123.com','网址导航', 1, 0, 'admin', SYSDATE, 'admin', SYSDATE);
INSERT INTO GIONEE_DRS.IUNI_DA_FLOW_SOURCE(ID, TYPE_ID, NAME, URL, "DESC", STATUS, CANCEL_FLAG, CREATE_BY, CREATE_DATE, UPDATE_BY, UPDATE_DATE) VALUES('186', '2','网址导航','hao.360.cn', '网址导航', 1, 0, 'admin', SYSDATE, 'admin', SYSDATE);
INSERT INTO GIONEE_DRS.IUNI_DA_FLOW_SOURCE(ID, TYPE_ID, NAME, URL, "DESC", STATUS, CANCEL_FLAG, CREATE_BY, CREATE_DATE, UPDATE_BY, UPDATE_DATE) VALUES('187', '2','网址导航','123.sogou.com','网址导航', 1, 0, 'admin', SYSDATE, 'admin', SYSDATE);
INSERT INTO GIONEE_DRS.IUNI_DA_FLOW_SOURCE(ID, TYPE_ID, NAME, URL, "DESC", STATUS, CANCEL_FLAG, CREATE_BY, CREATE_DATE, UPDATE_BY, UPDATE_DATE) VALUES('188', '2','网址导航','i.maxthon.cn','网址导航', 1, 0, 'admin', SYSDATE, 'admin', SYSDATE);
INSERT INTO GIONEE_DRS.IUNI_DA_FLOW_SOURCE(ID, TYPE_ID, NAME, URL, "DESC", STATUS, CANCEL_FLAG, CREATE_BY, CREATE_DATE, UPDATE_BY, UPDATE_DATE) VALUES('189', '2','网址导航','www.2345.com','网址导航', 1, 0, 'admin', SYSDATE, 'admin', SYSDATE);
INSERT INTO GIONEE_DRS.IUNI_DA_FLOW_SOURCE(ID, TYPE_ID, NAME, URL, "DESC", STATUS, CANCEL_FLAG, CREATE_BY, CREATE_DATE, UPDATE_BY, UPDATE_DATE) VALUES('190', '2','网址导航','cn.hao123.com','网址导航', 1, 0, 'admin', SYSDATE, 'admin', SYSDATE);
INSERT INTO GIONEE_DRS.IUNI_DA_FLOW_SOURCE(ID, TYPE_ID, NAME, URL, "DESC", STATUS, CANCEL_FLAG, CREATE_BY, CREATE_DATE, UPDATE_BY, UPDATE_DATE) VALUES('191', '2','网址导航','i.1616.net', '网址导航', 1, 0, 'admin', SYSDATE, 'admin', SYSDATE);
INSERT INTO GIONEE_DRS.IUNI_DA_FLOW_SOURCE(ID, TYPE_ID, NAME, URL, "DESC", STATUS, CANCEL_FLAG, CREATE_BY, CREATE_DATE, UPDATE_BY, UPDATE_DATE) VALUES('192', '2','网址导航','gaoji.2345.com','网址导航', 1, 0, 'admin', SYSDATE, 'admin', SYSDATE);
INSERT INTO GIONEE_DRS.IUNI_DA_FLOW_SOURCE(ID, TYPE_ID, NAME, URL, "DESC", STATUS, CANCEL_FLAG, CREATE_BY, CREATE_DATE, UPDATE_BY, UPDATE_DATE) VALUES('193', '2','网址导航','my.2345.com','网址导航', 1, 0, 'admin', SYSDATE, 'admin', SYSDATE);
INSERT INTO GIONEE_DRS.IUNI_DA_FLOW_SOURCE(ID, TYPE_ID, NAME, URL, "DESC", STATUS, CANCEL_FLAG, CREATE_BY, CREATE_DATE, UPDATE_BY, UPDATE_DATE) VALUES('194', '2','网址导航','favorite.hao.360.cn','网址导航', 1, 0, 'admin', SYSDATE, 'admin', SYSDATE);
INSERT INTO GIONEE_DRS.IUNI_DA_FLOW_SOURCE(ID, TYPE_ID, NAME, URL, "DESC", STATUS, CANCEL_FLAG, CREATE_BY, CREATE_DATE, UPDATE_BY, UPDATE_DATE) VALUES('195', '2','网址导航','hao.qq.com', '网址导航', 1, 0, 'admin', SYSDATE, 'admin', SYSDATE);
INSERT INTO GIONEE_DRS.IUNI_DA_FLOW_SOURCE(ID, TYPE_ID, NAME, URL, "DESC", STATUS, CANCEL_FLAG, CREATE_BY, CREATE_DATE, UPDATE_BY, UPDATE_DATE) VALUES('196', '2','网址导航','m.hao123.com','网址导航', 1, 0, 'admin', SYSDATE, 'admin', SYSDATE);
INSERT INTO GIONEE_DRS.IUNI_DA_FLOW_SOURCE(ID, TYPE_ID, NAME, URL, "DESC", STATUS, CANCEL_FLAG, CREATE_BY, CREATE_DATE, UPDATE_BY, UPDATE_DATE) VALUES('197', '2','网址导航','www.3155.com','网址导航', 1, 0, 'admin', SYSDATE, 'admin', SYSDATE);
INSERT INTO GIONEE_DRS.IUNI_DA_FLOW_SOURCE(ID, TYPE_ID, NAME, URL, "DESC", STATUS, CANCEL_FLAG, CREATE_BY, CREATE_DATE, UPDATE_BY, UPDATE_DATE) VALUES('198', '2','网址导航','crm7.114.com.cn', '网址导航', 1, 0, 'admin', SYSDATE, 'admin', SYSDATE);
INSERT INTO GIONEE_DRS.IUNI_DA_FLOW_SOURCE(ID, TYPE_ID, NAME, URL, "DESC", STATUS, CANCEL_FLAG, CREATE_BY, CREATE_DATE, UPDATE_BY, UPDATE_DATE) VALUES('199', '2','邮箱' ,'mail.qq.com','邮箱', 1, 0, 'admin', SYSDATE, 'admin', SYSDATE);
INSERT INTO GIONEE_DRS.IUNI_DA_FLOW_SOURCE(ID, TYPE_ID, NAME, URL, "DESC", STATUS, CANCEL_FLAG, CREATE_BY, CREATE_DATE, UPDATE_BY, UPDATE_DATE) VALUES('200', '2','邮箱' ,'w.mail.qq.com','邮箱', 1, 0, 'admin', SYSDATE, 'admin', SYSDATE);
INSERT INTO GIONEE_DRS.IUNI_DA_FLOW_SOURCE(ID, TYPE_ID, NAME, URL, "DESC", STATUS, CANCEL_FLAG, CREATE_BY, CREATE_DATE, UPDATE_BY, UPDATE_DATE) VALUES('201', '2','邮箱' ,'twebmail.mail.163.com','邮箱', 1, 0, 'admin', SYSDATE, 'admin', SYSDATE);
INSERT INTO GIONEE_DRS.IUNI_DA_FLOW_SOURCE(ID, TYPE_ID, NAME, URL, "DESC", STATUS, CANCEL_FLAG, CREATE_BY, CREATE_DATE, UPDATE_BY, UPDATE_DATE) VALUES('202', '2','邮箱' ,'mail.126.com','邮箱', 1, 0, 'admin', SYSDATE, 'admin', SYSDATE);
INSERT INTO GIONEE_DRS.IUNI_DA_FLOW_SOURCE(ID, TYPE_ID, NAME, URL, "DESC", STATUS, CANCEL_FLAG, CREATE_BY, CREATE_DATE, UPDATE_BY, UPDATE_DATE) VALUES('203', '2','邮箱' ,'cwebmail.mail.163.com','邮箱', 1, 0, 'admin', SYSDATE, 'admin', SYSDATE);
INSERT INTO GIONEE_DRS.IUNI_DA_FLOW_SOURCE(ID, TYPE_ID, NAME, URL, "DESC", STATUS, CANCEL_FLAG, CREATE_BY, CREATE_DATE, UPDATE_BY, UPDATE_DATE) VALUES('204', '2','邮箱' ,'mail.163.com','邮箱', 1, 0, 'admin', SYSDATE, 'admin', SYSDATE);
INSERT INTO GIONEE_DRS.IUNI_DA_FLOW_SOURCE(ID, TYPE_ID, NAME, URL, "DESC", STATUS, CANCEL_FLAG, CREATE_BY, CREATE_DATE, UPDATE_BY, UPDATE_DATE) VALUES('205', '2','邮箱' ,'appmail.mail.10086.cn','邮箱', 1, 0, 'admin', SYSDATE, 'admin', SYSDATE);
INSERT INTO GIONEE_DRS.IUNI_DA_FLOW_SOURCE(ID, TYPE_ID, NAME, URL, "DESC", STATUS, CANCEL_FLAG, CREATE_BY, CREATE_DATE, UPDATE_BY, UPDATE_DATE) VALUES('206', '2','邮箱' ,'m0.mail.sina.com.cn','邮箱', 1, 0, 'admin', SYSDATE, 'admin', SYSDATE);
INSERT INTO GIONEE_DRS.IUNI_DA_FLOW_SOURCE(ID, TYPE_ID, NAME, URL, "DESC", STATUS, CANCEL_FLAG, CREATE_BY, CREATE_DATE, UPDATE_BY, UPDATE_DATE) VALUES('207', '2','邮箱' ,'set1.mail.qq.com','邮箱', 1, 0, 'admin', SYSDATE, 'admin', SYSDATE);
INSERT INTO GIONEE_DRS.IUNI_DA_FLOW_SOURCE(ID, TYPE_ID, NAME, URL, "DESC", STATUS, CANCEL_FLAG, CREATE_BY, CREATE_DATE, UPDATE_BY, UPDATE_DATE) VALUES('208', '2','邮箱' ,'url.qmail.com','邮箱', 1, 0, 'admin', SYSDATE, 'admin', SYSDATE);
INSERT INTO GIONEE_DRS.IUNI_DA_FLOW_SOURCE(ID, TYPE_ID, NAME, URL, "DESC", STATUS, CANCEL_FLAG, CREATE_BY, CREATE_DATE, UPDATE_BY, UPDATE_DATE) VALUES('209', '2','邮箱' ,'m1.mail.sina.com.cn','邮箱', 1, 0, 'admin', SYSDATE, 'admin', SYSDATE);
INSERT INTO GIONEE_DRS.IUNI_DA_FLOW_SOURCE(ID, TYPE_ID, NAME, URL, "DESC", STATUS, CANCEL_FLAG, CREATE_BY, CREATE_DATE, UPDATE_BY, UPDATE_DATE) VALUES('210', '2','邮箱' ,'set2.mail.qq.com','邮箱', 1, 0, 'admin', SYSDATE, 'admin', SYSDATE);
INSERT INTO GIONEE_DRS.IUNI_DA_FLOW_SOURCE(ID, TYPE_ID, NAME, URL, "DESC", STATUS, CANCEL_FLAG, CREATE_BY, CREATE_DATE, UPDATE_BY, UPDATE_DATE) VALUES('211', '2','邮箱' ,'mail.sohu.com','邮箱', 1, 0, 'admin', SYSDATE, 'admin', SYSDATE);
INSERT INTO GIONEE_DRS.IUNI_DA_FLOW_SOURCE(ID, TYPE_ID, NAME, URL, "DESC", STATUS, CANCEL_FLAG, CREATE_BY, CREATE_DATE, UPDATE_BY, UPDATE_DATE) VALUES('212', '2','邮箱' ,'set3.mail.qq.com','邮箱', 1, 0, 'admin', SYSDATE, 'admin', SYSDATE);
INSERT INTO GIONEE_DRS.IUNI_DA_FLOW_SOURCE(ID, TYPE_ID, NAME, URL, "DESC", STATUS, CANCEL_FLAG, CREATE_BY, CREATE_DATE, UPDATE_BY, UPDATE_DATE) VALUES('213', '2','邮箱' ,'mail.yeah.net','邮箱', 1, 0, 'admin', SYSDATE, 'admin', SYSDATE);
INSERT INTO GIONEE_DRS.IUNI_DA_FLOW_SOURCE(ID, TYPE_ID, NAME, URL, "DESC", STATUS, CANCEL_FLAG, CREATE_BY, CREATE_DATE, UPDATE_BY, UPDATE_DATE) VALUES('214', '2','邮箱' ,'hwwebmail.mail.163.com', '邮箱', 1, 0, 'admin', SYSDATE, 'admin', SYSDATE);
INSERT INTO GIONEE_DRS.IUNI_DA_FLOW_SOURCE(ID, TYPE_ID, NAME, URL, "DESC", STATUS, CANCEL_FLAG, CREATE_BY, CREATE_DATE, UPDATE_BY, UPDATE_DATE) VALUES('215', '2','邮箱' ,'mail.iuni.com','邮箱', 1, 0, 'admin', SYSDATE, 'admin', SYSDATE);
INSERT INTO GIONEE_DRS.IUNI_DA_FLOW_SOURCE(ID, TYPE_ID, NAME, URL, "DESC", STATUS, CANCEL_FLAG, CREATE_BY, CREATE_DATE, UPDATE_BY, UPDATE_DATE) VALUES('216', '2','邮箱' ,'en.mail.qq.com','邮箱', 1, 0, 'admin', SYSDATE, 'admin', SYSDATE);
INSERT INTO GIONEE_DRS.IUNI_DA_FLOW_SOURCE(ID, TYPE_ID, NAME, URL, "DESC", STATUS, CANCEL_FLAG, CREATE_BY, CREATE_DATE, UPDATE_BY, UPDATE_DATE) VALUES('217', '2','邮箱' ,'webmail.mail.163.com','邮箱', 1, 0, 'admin', SYSDATE, 'admin', SYSDATE);
INSERT INTO GIONEE_DRS.IUNI_DA_FLOW_SOURCE(ID, TYPE_ID, NAME, URL, "DESC", STATUS, CANCEL_FLAG, CREATE_BY, CREATE_DATE, UPDATE_BY, UPDATE_DATE) VALUES('218', '2','邮箱' ,'ewebmail.mail.163.com','邮箱', 1, 0, 'admin', SYSDATE, 'admin', SYSDATE);
INSERT INTO GIONEE_DRS.IUNI_DA_FLOW_SOURCE(ID, TYPE_ID, NAME, URL, "DESC", STATUS, CANCEL_FLAG, CREATE_BY, CREATE_DATE, UPDATE_BY, UPDATE_DATE) VALUES('219', '2','邮箱' ,'mail.dlut.edu.cn','邮箱', 1, 0, 'admin', SYSDATE, 'admin', SYSDATE);
INSERT INTO GIONEE_DRS.IUNI_DA_FLOW_SOURCE(ID, TYPE_ID, NAME, URL, "DESC", STATUS, CANCEL_FLAG, CREATE_BY, CREATE_DATE, UPDATE_BY, UPDATE_DATE) VALUES('220', '2','邮箱' ,'mail.ilinkone.com', '邮箱', 1, 0, 'admin', SYSDATE, 'admin', SYSDATE);
INSERT INTO GIONEE_DRS.IUNI_DA_FLOW_SOURCE(ID, TYPE_ID, NAME, URL, "DESC", STATUS, CANCEL_FLAG, CREATE_BY, CREATE_DATE, UPDATE_BY, UPDATE_DATE) VALUES('221', '2','邮箱' ,'mail.bonusedu.com', '邮箱', 1, 0, 'admin', SYSDATE, 'admin', SYSDATE);
INSERT INTO GIONEE_DRS.IUNI_DA_FLOW_SOURCE(ID, TYPE_ID, NAME, URL, "DESC", STATUS, CANCEL_FLAG, CREATE_BY, CREATE_DATE, UPDATE_BY, UPDATE_DATE) VALUES('222', '2','邮箱' ,'mail.dndci.com','邮箱', 1, 0, 'admin', SYSDATE, 'admin', SYSDATE);
INSERT INTO GIONEE_DRS.IUNI_DA_FLOW_SOURCE(ID, TYPE_ID, NAME, URL, "DESC", STATUS, CANCEL_FLAG, CREATE_BY, CREATE_DATE, UPDATE_BY, UPDATE_DATE) VALUES('223', '2','邮箱' ,'mail.bankcomm.com', '邮箱', 1, 0, 'admin', SYSDATE, 'admin', SYSDATE);
INSERT INTO GIONEE_DRS.IUNI_DA_FLOW_SOURCE(ID, TYPE_ID, NAME, URL, "DESC", STATUS, CANCEL_FLAG, CREATE_BY, CREATE_DATE, UPDATE_BY, UPDATE_DATE) VALUES('224', '2','其它' ,'其它URL','其它', 1, 0, 'admin', SYSDATE, 'admin', SYSDATE);
INSERT INTO GIONEE_DRS.IUNI_DA_FLOW_SOURCE(ID, TYPE_ID, NAME, URL, "DESC", STATUS, CANCEL_FLAG, CREATE_BY, CREATE_DATE, UPDATE_BY, UPDATE_DATE) VALUES('225', '3','IUNI OS','iunios.com', 'IUNI OS', 1, 0, 'admin', SYSDATE, 'admin', SYSDATE);
INSERT INTO GIONEE_DRS.IUNI_DA_FLOW_SOURCE(ID, TYPE_ID, NAME, URL, "DESC", STATUS, CANCEL_FLAG, CREATE_BY, CREATE_DATE, UPDATE_BY, UPDATE_DATE) VALUES('226', '3','IUNI登陆页','passport.iuni.com', 'IUNI登陆页' , 1, 0, 'admin', SYSDATE, 'admin', SYSDATE);
INSERT INTO GIONEE_DRS.IUNI_DA_FLOW_SOURCE(ID, TYPE_ID, NAME, URL, "DESC", STATUS, CANCEL_FLAG, CREATE_BY, CREATE_DATE, UPDATE_BY, UPDATE_DATE) VALUES('227', '3','IUNI论坛','bbs.iuni.com','IUNI论坛', 1, 0, 'admin', SYSDATE, 'admin', SYSDATE);
INSERT INTO GIONEE_DRS.IUNI_DA_FLOW_SOURCE(ID, TYPE_ID, NAME, URL, "DESC", STATUS, CANCEL_FLAG, CREATE_BY, CREATE_DATE, UPDATE_BY, UPDATE_DATE) VALUES('228', '3','IUNI社区','town.iuni.com','IUNI社区', 1, 0, 'admin', SYSDATE, 'admin', SYSDATE);
INSERT INTO GIONEE_DRS.IUNI_DA_FLOW_SOURCE(ID, TYPE_ID, NAME, URL, "DESC", STATUS, CANCEL_FLAG, CREATE_BY, CREATE_DATE, UPDATE_BY, UPDATE_DATE) VALUES('229', '3','IUNI活动页面','events.iuni.com', 'IUNI活动页面' , 1, 0, 'admin', SYSDATE, 'admin', SYSDATE);
INSERT INTO GIONEE_DRS.IUNI_DA_FLOW_SOURCE(ID, TYPE_ID, NAME, URL, "DESC", STATUS, CANCEL_FLAG, CREATE_BY, CREATE_DATE, UPDATE_BY, UPDATE_DATE) VALUES('230', '3','IUNI活动页面','campus.iuni.com', 'IUNI活动页面' , 1, 0, 'admin', SYSDATE, 'admin', SYSDATE);
COMMIT;

-- IUNI_DA_REGISTER_PAGE
DELETE FROM GIONEE_DRS.IUNI_DA_REGISTER_PAGE;
INSERT INTO GIONEE_DRS.IUNI_DA_REGISTER_PAGE (STATUS,CANCEL_FLAG,CREATE_BY,CREATE_DATE,UPDATE_BY,UPDATE_DATE,ID,NAME,URL,"DESC") VALUES (1,0,'admin',SYSDATE,'admin',SYSDATE,1,'首页（商城）','http://www.iuni.com/','');
INSERT INTO GIONEE_DRS.IUNI_DA_REGISTER_PAGE (STATUS,CANCEL_FLAG,CREATE_BY,CREATE_DATE,UPDATE_BY,UPDATE_DATE,ID,NAME,URL,"DESC") VALUES (1,0,'admin',SYSDATE,'admin',SYSDATE,2,'商品页（商城）','http://www.iuni.com/special/2014/0826U3/u3_1.shtml','');
INSERT INTO GIONEE_DRS.IUNI_DA_REGISTER_PAGE (STATUS,CANCEL_FLAG,CREATE_BY,CREATE_DATE,UPDATE_BY,UPDATE_DATE,ID,NAME,URL,"DESC") VALUES (1,0,'admin',SYSDATE,'admin',SYSDATE,3,'商品页（商城）','http://www.iuni.com//special/2014/0610green/index.shtml','');
INSERT INTO GIONEE_DRS.IUNI_DA_REGISTER_PAGE (STATUS,CANCEL_FLAG,CREATE_BY,CREATE_DATE,UPDATE_BY,UPDATE_DATE,ID,NAME,URL,"DESC") VALUES (1,0,'admin',SYSDATE,'admin',SYSDATE,4,'商品页（商城）','http://www.iuni.com//special/2014/0623silver/index.shtml','');
INSERT INTO GIONEE_DRS.IUNI_DA_REGISTER_PAGE (STATUS,CANCEL_FLAG,CREATE_BY,CREATE_DATE,UPDATE_BY,UPDATE_DATE,ID,NAME,URL,"DESC") VALUES (1,0,'admin',SYSDATE,'admin',SYSDATE,5,'商品页（商城）','http://www.iuni.com/goods/parts','');
INSERT INTO GIONEE_DRS.IUNI_DA_REGISTER_PAGE (STATUS,CANCEL_FLAG,CREATE_BY,CREATE_DATE,UPDATE_BY,UPDATE_DATE,ID,NAME,URL,"DESC") VALUES (1,0,'admin',SYSDATE,'admin',SYSDATE,6,'商品页（商城）','http://www.iuni.com/goods/37','');
INSERT INTO GIONEE_DRS.IUNI_DA_REGISTER_PAGE (STATUS,CANCEL_FLAG,CREATE_BY,CREATE_DATE,UPDATE_BY,UPDATE_DATE,ID,NAME,URL,"DESC") VALUES (1,0,'admin',SYSDATE,'admin',SYSDATE,7,'商品页（商城）','http://www.iuni.com/goods/38','');
INSERT INTO GIONEE_DRS.IUNI_DA_REGISTER_PAGE (STATUS,CANCEL_FLAG,CREATE_BY,CREATE_DATE,UPDATE_BY,UPDATE_DATE,ID,NAME,URL,"DESC") VALUES (1,0,'admin',SYSDATE,'admin',SYSDATE,8,'商品页（商城）','http://www.iuni.com/goods/34','');
INSERT INTO GIONEE_DRS.IUNI_DA_REGISTER_PAGE (STATUS,CANCEL_FLAG,CREATE_BY,CREATE_DATE,UPDATE_BY,UPDATE_DATE,ID,NAME,URL,"DESC") VALUES (1,0,'admin',SYSDATE,'admin',SYSDATE,9,'商品页（商城）','http://www.iuni.com/goods/36','');
INSERT INTO GIONEE_DRS.IUNI_DA_REGISTER_PAGE (STATUS,CANCEL_FLAG,CREATE_BY,CREATE_DATE,UPDATE_BY,UPDATE_DATE,ID,NAME,URL,"DESC") VALUES (1,0,'admin',SYSDATE,'admin',SYSDATE,10,'商品页（商城）','http://www.iuni.com/goods/138','');
INSERT INTO GIONEE_DRS.IUNI_DA_REGISTER_PAGE (STATUS,CANCEL_FLAG,CREATE_BY,CREATE_DATE,UPDATE_BY,UPDATE_DATE,ID,NAME,URL,"DESC") VALUES (1,0,'admin',SYSDATE,'admin',SYSDATE,11,'商品页（商城）','http://www.iuni.com/goods/136','');
INSERT INTO GIONEE_DRS.IUNI_DA_REGISTER_PAGE (STATUS,CANCEL_FLAG,CREATE_BY,CREATE_DATE,UPDATE_BY,UPDATE_DATE,ID,NAME,URL,"DESC") VALUES (1,0,'admin',SYSDATE,'admin',SYSDATE,12,'商品页（商城）','http://www.iuni.com/goods/135','');
INSERT INTO GIONEE_DRS.IUNI_DA_REGISTER_PAGE (STATUS,CANCEL_FLAG,CREATE_BY,CREATE_DATE,UPDATE_BY,UPDATE_DATE,ID,NAME,URL,"DESC") VALUES (1,0,'admin',SYSDATE,'admin',SYSDATE,13,'商品页（商城）','http://www.iuni.com/goods/parts','');
INSERT INTO GIONEE_DRS.IUNI_DA_REGISTER_PAGE (STATUS,CANCEL_FLAG,CREATE_BY,CREATE_DATE,UPDATE_BY,UPDATE_DATE,ID,NAME,URL,"DESC") VALUES (1,0,'admin',SYSDATE,'admin',SYSDATE,14,'商品页（商城）','http://www.iuni.com/goods/44','');
INSERT INTO GIONEE_DRS.IUNI_DA_REGISTER_PAGE (STATUS,CANCEL_FLAG,CREATE_BY,CREATE_DATE,UPDATE_BY,UPDATE_DATE,ID,NAME,URL,"DESC") VALUES (1,0,'admin',SYSDATE,'admin',SYSDATE,15,'商品页（商城）','http://www.iuni.com/goods/53','');
INSERT INTO GIONEE_DRS.IUNI_DA_REGISTER_PAGE (STATUS,CANCEL_FLAG,CREATE_BY,CREATE_DATE,UPDATE_BY,UPDATE_DATE,ID,NAME,URL,"DESC") VALUES (1,0,'admin',SYSDATE,'admin',SYSDATE,16,'商品页（商城）','http://www.iuni.com/goods/54','');
INSERT INTO GIONEE_DRS.IUNI_DA_REGISTER_PAGE (STATUS,CANCEL_FLAG,CREATE_BY,CREATE_DATE,UPDATE_BY,UPDATE_DATE,ID,NAME,URL,"DESC") VALUES (1,0,'admin',SYSDATE,'admin',SYSDATE,17,'商品页（商城）','http://www.iuni.com/goods/56','');
INSERT INTO GIONEE_DRS.IUNI_DA_REGISTER_PAGE (STATUS,CANCEL_FLAG,CREATE_BY,CREATE_DATE,UPDATE_BY,UPDATE_DATE,ID,NAME,URL,"DESC") VALUES (1,0,'admin',SYSDATE,'admin',SYSDATE,18,'商品页（商城）','http://www.iuni.com/goods/78','');
INSERT INTO GIONEE_DRS.IUNI_DA_REGISTER_PAGE (STATUS,CANCEL_FLAG,CREATE_BY,CREATE_DATE,UPDATE_BY,UPDATE_DATE,ID,NAME,URL,"DESC") VALUES (1,0,'admin',SYSDATE,'admin',SYSDATE,19,'商品页（商城）','http://www.iuni.com/goods/80','');
INSERT INTO GIONEE_DRS.IUNI_DA_REGISTER_PAGE (STATUS,CANCEL_FLAG,CREATE_BY,CREATE_DATE,UPDATE_BY,UPDATE_DATE,ID,NAME,URL,"DESC") VALUES (1,0,'admin',SYSDATE,'admin',SYSDATE,20,'商品页（商城）','http://www.iuni.com/goods/81','');
INSERT INTO GIONEE_DRS.IUNI_DA_REGISTER_PAGE (STATUS,CANCEL_FLAG,CREATE_BY,CREATE_DATE,UPDATE_BY,UPDATE_DATE,ID,NAME,URL,"DESC") VALUES (1,0,'admin',SYSDATE,'admin',SYSDATE,21,'商品页（商城）','http://www.iuni.com/goods/137','');
INSERT INTO GIONEE_DRS.IUNI_DA_REGISTER_PAGE (STATUS,CANCEL_FLAG,CREATE_BY,CREATE_DATE,UPDATE_BY,UPDATE_DATE,ID,NAME,URL,"DESC") VALUES (1,0,'admin',SYSDATE,'admin',SYSDATE,22,'商品页（商城）','http://www.iuni.com/goods/155','');
INSERT INTO GIONEE_DRS.IUNI_DA_REGISTER_PAGE (STATUS,CANCEL_FLAG,CREATE_BY,CREATE_DATE,UPDATE_BY,UPDATE_DATE,ID,NAME,URL,"DESC") VALUES (1,0,'admin',SYSDATE,'admin',SYSDATE,23,'商品页（商城）','http://www.iuni.com/goods/170','');
INSERT INTO GIONEE_DRS.IUNI_DA_REGISTER_PAGE (STATUS,CANCEL_FLAG,CREATE_BY,CREATE_DATE,UPDATE_BY,UPDATE_DATE,ID,NAME,URL,"DESC") VALUES (1,0,'admin',SYSDATE,'admin',SYSDATE,24,'商品页（商城）','http://www.iuni.com/goods/171','');
INSERT INTO GIONEE_DRS.IUNI_DA_REGISTER_PAGE (STATUS,CANCEL_FLAG,CREATE_BY,CREATE_DATE,UPDATE_BY,UPDATE_DATE,ID,NAME,URL,"DESC") VALUES (1,0,'admin',SYSDATE,'admin',SYSDATE,25,'购物车页面（商城）','http://www.iuni.com/cart','');
INSERT INTO GIONEE_DRS.IUNI_DA_REGISTER_PAGE (STATUS,CANCEL_FLAG,CREATE_BY,CREATE_DATE,UPDATE_BY,UPDATE_DATE,ID,NAME,URL,"DESC") VALUES (1,0,'admin',SYSDATE,'admin',SYSDATE,26,'社区','http://town.iuni.com/*','');
INSERT INTO GIONEE_DRS.IUNI_DA_REGISTER_PAGE (STATUS,CANCEL_FLAG,CREATE_BY,CREATE_DATE,UPDATE_BY,UPDATE_DATE,ID,NAME,URL,"DESC") VALUES (1,0,'admin',SYSDATE,'admin',SYSDATE,27,'OS','http://www.iunios.com/*','');
INSERT INTO GIONEE_DRS.IUNI_DA_REGISTER_PAGE (STATUS,CANCEL_FLAG,CREATE_BY,CREATE_DATE,UPDATE_BY,UPDATE_DATE,ID,NAME,URL,"DESC") VALUES (1,0,'admin',SYSDATE,'admin',SYSDATE,28,'服务中心','http://www.iuni.com/service/*','');
INSERT INTO GIONEE_DRS.IUNI_DA_REGISTER_PAGE (STATUS,CANCEL_FLAG,CREATE_BY,CREATE_DATE,UPDATE_BY,UPDATE_DATE,ID,NAME,URL,"DESC") VALUES (1,0,'admin',SYSDATE,'admin',SYSDATE,29,'论坛','http://bbs.iuni.com/*','');
INSERT INTO GIONEE_DRS.IUNI_DA_REGISTER_PAGE (STATUS,CANCEL_FLAG,CREATE_BY,CREATE_DATE,UPDATE_BY,UPDATE_DATE,ID,NAME,URL,"DESC") VALUES (1,0,'admin',SYSDATE,'admin',SYSDATE,30,'商品页（商城）','http://www.iuni.com/goods/172','');
INSERT INTO GIONEE_DRS.IUNI_DA_REGISTER_PAGE (STATUS,CANCEL_FLAG,CREATE_BY,CREATE_DATE,UPDATE_BY,UPDATE_DATE,ID,NAME,URL,"DESC") VALUES (1,0,'admin',SYSDATE,'admin',SYSDATE,31,'商品页（商城）','http://www.iuni.com/goods/173','');
INSERT INTO GIONEE_DRS.IUNI_DA_REGISTER_PAGE (STATUS,CANCEL_FLAG,CREATE_BY,CREATE_DATE,UPDATE_BY,UPDATE_DATE,ID,NAME,URL,"DESC") VALUES (1,0,'admin',SYSDATE,'admin',SYSDATE,32,'商品页（商城）','http://www.iuni.com/goods/189','');
INSERT INTO GIONEE_DRS.IUNI_DA_REGISTER_PAGE (STATUS,CANCEL_FLAG,CREATE_BY,CREATE_DATE,UPDATE_BY,UPDATE_DATE,ID,NAME,URL,"DESC") VALUES (1,0,'admin',SYSDATE,'admin',SYSDATE,33,'商品页（商城）','http://www.iuni.com/goods/190','');
INSERT INTO GIONEE_DRS.IUNI_DA_REGISTER_PAGE (STATUS,CANCEL_FLAG,CREATE_BY,CREATE_DATE,UPDATE_BY,UPDATE_DATE,ID,NAME,URL,"DESC") VALUES (1,0,'admin',SYSDATE,'admin',SYSDATE,34,'商品页（商城）','http://www.iuni.com/goods/191','');
INSERT INTO IUNI_DA_REGISTER_PAGE (STATUS,CANCEL_FLAG,CREATE_BY,CREATE_DATE,UPDATE_BY,UPDATE_DATE,ID,NAME,URL,"DESC") VALUES (1,0,'admin',SYSDATE,'admin',SYSDATE,35,'商品页（商城）','http://www.iuni.com/goods/192','');
COMMIT;

-- IUNI_DA_HOLIDAY_TYPE
DELETE FROM GIONEE_DRS.IUNI_DA_HOLIDAY_TYPE;
INSERT INTO GIONEE_DRS.IUNI_DA_HOLIDAY_TYPE(ID, NAME, "DESC", STATUS, CANCEL_FLAG,CREATE_BY, CREATE_DATE, UPDATE_BY, UPDATE_DATE) VALUES(1, '法定节假日', '法定节假日', 1, 0, 'admin', SYSDATE, 'admin', SYSDATE);
INSERT INTO GIONEE_DRS.IUNI_DA_HOLIDAY_TYPE(ID, NAME, "DESC", STATUS, CANCEL_FLAG,CREATE_BY, CREATE_DATE, UPDATE_BY, UPDATE_DATE) VALUES(2, '周一到周五调休', '周一到周五调休', 1, 0, 'admin', SYSDATE, 'admin', SYSDATE);
INSERT INTO GIONEE_DRS.IUNI_DA_HOLIDAY_TYPE(ID, NAME, "DESC", STATUS, CANCEL_FLAG,CREATE_BY, CREATE_DATE, UPDATE_BY, UPDATE_DATE) VALUES(3, '周末上班', '周末上班', 1, 0, 'admin', SYSDATE, 'admin', SYSDATE);
COMMIT;

--IUNI_DA_HOLIDAY
DELETE FROM	GIONEE_DRS.IUNI_DA_HOLIDAY;
INSERT INTO GIONEE_DRS.IUNI_DA_HOLIDAY(ID, TYPE_ID, NAME, START_DATE, END_DATE, YEAR, "DESC", STATUS, CANCEL_FLAG, CREATE_BY, CREATE_DATE, UPDATE_BY, UPDATE_DATE) VALUES(1, 1, '元旦', TO_DATE('01/01/2014 00:00:00', 'MM/DD/YYYY HH24:MI:SS'), TO_DATE('01/01/2014 00:00:00', 'MM/DD/YYYY HH24:MI:SS'), 2014, '元旦', 1, 0, 'admin', SYSDATE, 'admin', SYSDATE);
INSERT INTO GIONEE_DRS.IUNI_DA_HOLIDAY(ID, TYPE_ID, NAME, START_DATE, END_DATE, YEAR, "DESC", STATUS, CANCEL_FLAG, CREATE_BY, CREATE_DATE, UPDATE_BY, UPDATE_DATE) VALUES(2, 1, '除夕', TO_DATE('01/30/2014 00:00:00', 'MM/DD/YYYY HH24:MI:SS'), TO_DATE('01/30/2014 00:00:00', 'MM/DD/YYYY HH24:MI:SS'), 2014, '除夕', 1, 0, 'admin', SYSDATE, 'admin', SYSDATE);
INSERT INTO GIONEE_DRS.IUNI_DA_HOLIDAY(ID, TYPE_ID, NAME, START_DATE, END_DATE, YEAR, "DESC", STATUS, CANCEL_FLAG, CREATE_BY, CREATE_DATE, UPDATE_BY, UPDATE_DATE) VALUES(3, 1, '春节', TO_DATE('01/31/2014 00:00:00', 'MM/DD/YYYY HH24:MI:SS'), TO_DATE('02/06/2014 00:00:00', 'MM/DD/YYYY HH24:MI:SS'), 2014, '春节', 1, 0, 'admin', SYSDATE, 'admin', SYSDATE);
INSERT INTO GIONEE_DRS.IUNI_DA_HOLIDAY(ID, TYPE_ID, NAME, START_DATE, END_DATE, YEAR, "DESC", STATUS, CANCEL_FLAG, CREATE_BY, CREATE_DATE, UPDATE_BY, UPDATE_DATE) VALUES(4, 1, '清明节', TO_DATE('04/05/2014 00:00:00', 'MM/DD/YYYY HH24:MI:SS'), TO_DATE('04/07/2014 00:00:00', 'MM/DD/YYYY HH24:MI:SS'), 2014, '清明节', 1,  0, 'admin', SYSDATE, 'admin', SYSDATE);
INSERT INTO GIONEE_DRS.IUNI_DA_HOLIDAY(ID, TYPE_ID, NAME, START_DATE, END_DATE, YEAR, "DESC", STATUS, CANCEL_FLAG, CREATE_BY, CREATE_DATE, UPDATE_BY, UPDATE_DATE) VALUES(5, 1, '劳动节', TO_DATE('05/01/2014 00:00:00', 'MM/DD/YYYY HH24:MI:SS'), TO_DATE('05/03/2014 00:00:00', 'MM/DD/YYYY HH24:MI:SS'), 2014, '劳动节', 1,  0, 'admin', SYSDATE, 'admin', SYSDATE);
INSERT INTO GIONEE_DRS.IUNI_DA_HOLIDAY(ID, TYPE_ID, NAME, START_DATE, END_DATE, YEAR, "DESC", STATUS, CANCEL_FLAG, CREATE_BY, CREATE_DATE, UPDATE_BY, UPDATE_DATE) VALUES(6, 1, '端午节', TO_DATE('06/02/2014 00:00:00', 'MM/DD/YYYY HH24:MI:SS'), TO_DATE('06/02/2014 00:00:00', 'MM/DD/YYYY HH24:MI:SS'), 2014, '端午节', 1,  0, 'admin', SYSDATE, 'admin', SYSDATE);
INSERT INTO GIONEE_DRS.IUNI_DA_HOLIDAY(ID, TYPE_ID, NAME, START_DATE, END_DATE, YEAR, "DESC", STATUS, CANCEL_FLAG, CREATE_BY, CREATE_DATE, UPDATE_BY, UPDATE_DATE) VALUES(7, 1, '中秋节', TO_DATE('09/06/2014 00:00:00', 'MM/DD/YYYY HH24:MI:SS'), TO_DATE('09/08/2014 00:00:00', 'MM/DD/YYYY HH24:MI:SS'), 2014, '中秋节', 1,  0, 'admin', SYSDATE, 'admin', SYSDATE);
INSERT INTO GIONEE_DRS.IUNI_DA_HOLIDAY(ID, TYPE_ID, NAME, START_DATE, END_DATE, YEAR, "DESC", STATUS, CANCEL_FLAG, CREATE_BY, CREATE_DATE, UPDATE_BY, UPDATE_DATE) VALUES(8, 1, '国庆节', TO_DATE('10/01/2014 00:00:00', 'MM/DD/YYYY HH24:MI:SS'), TO_DATE('10/07/2014 00:00:00', 'MM/DD/YYYY HH24:MI:SS'), 2014, '国庆节', 1,  0, 'admin', SYSDATE, 'admin', SYSDATE);
INSERT INTO GIONEE_DRS.IUNI_DA_HOLIDAY(ID, TYPE_ID, NAME, START_DATE, END_DATE, YEAR, "DESC", STATUS, CANCEL_FLAG, CREATE_BY, CREATE_DATE, UPDATE_BY, UPDATE_DATE) VALUES(9, 3, '周日调成上班', TO_DATE('09/28/2014 00:00:00', 'MM/DD/YYYY HH24:MI:SS'), TO_DATE('09/28/2014 00:00:00', 'MM/DD/YYYY HH24:MI:SS'), 2014, '国庆节,周日调成上班', 1, 0, 'admin', SYSDATE, 'admin', SYSDATE);
INSERT INTO GIONEE_DRS.IUNI_DA_HOLIDAY(ID, TYPE_ID, NAME, START_DATE, END_DATE, YEAR, "DESC", STATUS, CANCEL_FLAG, CREATE_BY, CREATE_DATE, UPDATE_BY, UPDATE_DATE) VALUES(10,3, '周六调成上班', TO_DATE('10/11/2014 00:00:00', 'MM/DD/YYYY HH24:MI:SS'), TO_DATE('10/11/2014 00:00:00', 'MM/DD/YYYY HH24:MI:SS'), 2014, '国庆节,周六调成上班', 1, 0, 'admin', SYSDATE, 'admin', SYSDATE);
COMMIT;

-- IUNI_DA_CHANNEL
DELETE FROM GIONEE_DRS.IUNI_DA_CHANNEL;
INSERT INTO IUNI_DA_CHANNEL(ID, CODE, NAME, "DESC", STATUS, CANCEL_FLAG, CREATE_BY, CREATE_DATE, UPDATE_BY, UPDATE_DATE) VALUES(1, '000000', '直接访问','', 1, 0, 'admin', SYSDATE, 'admin', SYSDATE);
COMMIT;

